DATE,measurement,value
2/1/1977,GS1,5.47
3/1/1977,GS1,5.5
4/1/1977,GS1,5.44
5/1/1977,GS1,5.84
6/1/1977,GS1,5.8
7/1/1977,GS1,5.94
8/1/1977,GS1,6.37
9/1/1977,GS1,6.53
10/1/1977,GS1,6.97
11/1/1977,GS1,6.95
12/1/1977,GS1,6.96
1/1/1978,GS1,7.28
2/1/1978,GS1,7.34
3/1/1978,GS1,7.31
4/1/1978,GS1,7.45
5/1/1978,GS1,7.82
6/1/1978,GS1,8.09
7/1/1978,GS1,8.39
8/1/1978,GS1,8.31
9/1/1978,GS1,8.64
10/1/1978,GS1,9.14
11/1/1978,GS1,10.01
12/1/1978,GS1,10.3
1/1/1979,GS1,10.41
2/1/1979,GS1,10.24
3/1/1979,GS1,10.25
4/1/1979,GS1,10.12
5/1/1979,GS1,10.12
6/1/1979,GS1,9.57
7/1/1979,GS1,9.64
8/1/1979,GS1,9.98
9/1/1979,GS1,10.84
10/1/1979,GS1,12.44
11/1/1979,GS1,12.39
12/1/1979,GS1,11.98
1/1/1980,GS1,12.06
2/1/1980,GS1,13.92
3/1/1980,GS1,15.82
4/1/1980,GS1,13.3
5/1/1980,GS1,9.39
6/1/1980,GS1,8.16
7/1/1980,GS1,8.65
8/1/1980,GS1,10.24
9/1/1980,GS1,11.52
10/1/1980,GS1,12.49
11/1/1980,GS1,14.15
12/1/1980,GS1,14.88
1/1/1981,GS1,14.08
2/1/1981,GS1,14.57
3/1/1981,GS1,13.71
4/1/1981,GS1,14.32
5/1/1981,GS1,16.2
6/1/1981,GS1,14.86
7/1/1981,GS1,15.72
8/1/1981,GS1,16.72
9/1/1981,GS1,16.52
10/1/1981,GS1,15.38
11/1/1981,GS1,12.41
12/1/1981,GS1,12.85
1/1/1982,GS1,14.32
2/1/1982,GS1,14.73
3/1/1982,GS1,13.95
4/1/1982,GS1,13.98
5/1/1982,GS1,13.34
6/1/1982,GS1,14.07
7/1/1982,GS1,13.24
8/1/1982,GS1,11.43
9/1/1982,GS1,10.85
10/1/1982,GS1,9.32
11/1/1982,GS1,9.16
12/1/1982,GS1,8.91
1/1/1983,GS1,8.62
2/1/1983,GS1,8.92
3/1/1983,GS1,9.04
4/1/1983,GS1,8.98
5/1/1983,GS1,8.9
6/1/1983,GS1,9.66
7/1/1983,GS1,10.2
8/1/1983,GS1,10.53
9/1/1983,GS1,10.16
10/1/1983,GS1,9.81
11/1/1983,GS1,9.94
12/1/1983,GS1,10.11
1/1/1984,GS1,9.9
2/1/1984,GS1,10.04
3/1/1984,GS1,10.59
4/1/1984,GS1,10.9
5/1/1984,GS1,11.66
6/1/1984,GS1,12.08
7/1/1984,GS1,12.03
8/1/1984,GS1,11.82
9/1/1984,GS1,11.58
10/1/1984,GS1,10.9
11/1/1984,GS1,9.82
12/1/1984,GS1,9.33
1/1/1985,GS1,9.02
2/1/1985,GS1,9.29
3/1/1985,GS1,9.86
4/1/1985,GS1,9.14
5/1/1985,GS1,8.46
6/1/1985,GS1,7.8
7/1/1985,GS1,7.86
8/1/1985,GS1,8.05
9/1/1985,GS1,8.07
10/1/1985,GS1,8.01
11/1/1985,GS1,7.88
12/1/1985,GS1,7.67
1/1/1986,GS1,7.73
2/1/1986,GS1,7.61
3/1/1986,GS1,7.03
4/1/1986,GS1,6.44
5/1/1986,GS1,6.65
6/1/1986,GS1,6.73
7/1/1986,GS1,6.27
8/1/1986,GS1,5.93
9/1/1986,GS1,5.77
10/1/1986,GS1,5.72
11/1/1986,GS1,5.8
12/1/1986,GS1,5.87
1/1/1987,GS1,5.78
2/1/1987,GS1,5.96
3/1/1987,GS1,6.03
4/1/1987,GS1,6.5
5/1/1987,GS1,7
6/1/1987,GS1,6.8
7/1/1987,GS1,6.68
8/1/1987,GS1,7.03
9/1/1987,GS1,7.67
10/1/1987,GS1,7.59
11/1/1987,GS1,6.96
12/1/1987,GS1,7.17
1/1/1988,GS1,6.99
2/1/1988,GS1,6.64
3/1/1988,GS1,6.71
4/1/1988,GS1,7.01
5/1/1988,GS1,7.4
6/1/1988,GS1,7.49
7/1/1988,GS1,7.75
8/1/1988,GS1,8.17
9/1/1988,GS1,8.09
10/1/1988,GS1,8.11
11/1/1988,GS1,8.48
12/1/1988,GS1,8.99
1/1/1989,GS1,9.05
2/1/1989,GS1,9.25
3/1/1989,GS1,9.57
4/1/1989,GS1,9.36
5/1/1989,GS1,8.98
6/1/1989,GS1,8.44
7/1/1989,GS1,7.89
8/1/1989,GS1,8.18
9/1/1989,GS1,8.22
10/1/1989,GS1,7.99
11/1/1989,GS1,7.77
12/1/1989,GS1,7.72
1/1/1990,GS1,7.92
2/1/1990,GS1,8.11
3/1/1990,GS1,8.35
4/1/1990,GS1,8.4
5/1/1990,GS1,8.32
6/1/1990,GS1,8.1
7/1/1990,GS1,7.94
8/1/1990,GS1,7.78
9/1/1990,GS1,7.76
10/1/1990,GS1,7.55
11/1/1990,GS1,7.31
12/1/1990,GS1,7.05
1/1/1991,GS1,6.64
2/1/1991,GS1,6.27
3/1/1991,GS1,6.4
4/1/1991,GS1,6.24
5/1/1991,GS1,6.13
6/1/1991,GS1,6.36
7/1/1991,GS1,6.31
8/1/1991,GS1,5.78
9/1/1991,GS1,5.57
10/1/1991,GS1,5.33
11/1/1991,GS1,4.89
12/1/1991,GS1,4.38
1/1/1992,GS1,4.15
2/1/1992,GS1,4.29
3/1/1992,GS1,4.63
4/1/1992,GS1,4.3
5/1/1992,GS1,4.19
6/1/1992,GS1,4.17
7/1/1992,GS1,3.6
8/1/1992,GS1,3.47
9/1/1992,GS1,3.18
10/1/1992,GS1,3.3
11/1/1992,GS1,3.68
12/1/1992,GS1,3.71
1/1/1993,GS1,3.5
2/1/1993,GS1,3.39
3/1/1993,GS1,3.33
4/1/1993,GS1,3.24
5/1/1993,GS1,3.36
6/1/1993,GS1,3.54
7/1/1993,GS1,3.47
8/1/1993,GS1,3.44
9/1/1993,GS1,3.36
10/1/1993,GS1,3.39
11/1/1993,GS1,3.58
12/1/1993,GS1,3.61
1/1/1994,GS1,3.54
2/1/1994,GS1,3.87
3/1/1994,GS1,4.32
4/1/1994,GS1,4.82
5/1/1994,GS1,5.31
6/1/1994,GS1,5.27
7/1/1994,GS1,5.48
8/1/1994,GS1,5.56
9/1/1994,GS1,5.76
10/1/1994,GS1,6.11
11/1/1994,GS1,6.54
12/1/1994,GS1,7.14
1/1/1995,GS1,7.05
2/1/1995,GS1,6.7
3/1/1995,GS1,6.43
4/1/1995,GS1,6.27
5/1/1995,GS1,6
6/1/1995,GS1,5.64
7/1/1995,GS1,5.59
8/1/1995,GS1,5.75
9/1/1995,GS1,5.62
10/1/1995,GS1,5.59
11/1/1995,GS1,5.43
12/1/1995,GS1,5.31
1/1/1996,GS1,5.09
2/1/1996,GS1,4.94
3/1/1996,GS1,5.34
4/1/1996,GS1,5.54
5/1/1996,GS1,5.64
6/1/1996,GS1,5.81
7/1/1996,GS1,5.85
8/1/1996,GS1,5.67
9/1/1996,GS1,5.83
10/1/1996,GS1,5.55
11/1/1996,GS1,5.42
12/1/1996,GS1,5.47
1/1/1997,GS1,5.61
2/1/1997,GS1,5.53
3/1/1997,GS1,5.8
4/1/1997,GS1,5.99
5/1/1997,GS1,5.87
6/1/1997,GS1,5.69
7/1/1997,GS1,5.54
8/1/1997,GS1,5.56
9/1/1997,GS1,5.52
10/1/1997,GS1,5.46
11/1/1997,GS1,5.46
12/1/1997,GS1,5.53
1/1/1998,GS1,5.24
2/1/1998,GS1,5.31
3/1/1998,GS1,5.39
4/1/1998,GS1,5.38
5/1/1998,GS1,5.44
6/1/1998,GS1,5.41
7/1/1998,GS1,5.36
8/1/1998,GS1,5.21
9/1/1998,GS1,4.71
10/1/1998,GS1,4.12
11/1/1998,GS1,4.53
12/1/1998,GS1,4.52
1/1/1999,GS1,4.51
2/1/1999,GS1,4.7
3/1/1999,GS1,4.78
4/1/1999,GS1,4.69
5/1/1999,GS1,4.85
6/1/1999,GS1,5.1
7/1/1999,GS1,5.03
8/1/1999,GS1,5.2
9/1/1999,GS1,5.25
10/1/1999,GS1,5.43
11/1/1999,GS1,5.55
12/1/1999,GS1,5.84
1/1/2000,GS1,6.12
2/1/2000,GS1,6.22
3/1/2000,GS1,6.22
4/1/2000,GS1,6.15
5/1/2000,GS1,6.33
6/1/2000,GS1,6.17
7/1/2000,GS1,6.08
8/1/2000,GS1,6.18
9/1/2000,GS1,6.13
10/1/2000,GS1,6.01
11/1/2000,GS1,6.09
12/1/2000,GS1,5.6
1/1/2001,GS1,4.81
2/1/2001,GS1,4.68
3/1/2001,GS1,4.3
4/1/2001,GS1,3.98
5/1/2001,GS1,3.78
6/1/2001,GS1,3.58
7/1/2001,GS1,3.62
8/1/2001,GS1,3.47
9/1/2001,GS1,2.82
10/1/2001,GS1,2.33
11/1/2001,GS1,2.18
12/1/2001,GS1,2.22
1/1/2002,GS1,2.16
2/1/2002,GS1,2.23
3/1/2002,GS1,2.57
4/1/2002,GS1,2.48
5/1/2002,GS1,2.35
6/1/2002,GS1,2.2
7/1/2002,GS1,1.96
8/1/2002,GS1,1.76
9/1/2002,GS1,1.72
10/1/2002,GS1,1.65
11/1/2002,GS1,1.49
12/1/2002,GS1,1.45
1/1/2003,GS1,1.36
2/1/2003,GS1,1.3
3/1/2003,GS1,1.24
4/1/2003,GS1,1.27
5/1/2003,GS1,1.18
6/1/2003,GS1,1.01
7/1/2003,GS1,1.12
8/1/2003,GS1,1.31
9/1/2003,GS1,1.24
10/1/2003,GS1,1.25
11/1/2003,GS1,1.34
12/1/2003,GS1,1.31
1/1/2004,GS1,1.24
2/1/2004,GS1,1.24
3/1/2004,GS1,1.19
4/1/2004,GS1,1.43
5/1/2004,GS1,1.78
6/1/2004,GS1,2.12
7/1/2004,GS1,2.1
8/1/2004,GS1,2.02
9/1/2004,GS1,2.12
10/1/2004,GS1,2.23
11/1/2004,GS1,2.5
12/1/2004,GS1,2.67
1/1/2005,GS1,2.86
2/1/2005,GS1,3.03
3/1/2005,GS1,3.3
4/1/2005,GS1,3.32
5/1/2005,GS1,3.33
6/1/2005,GS1,3.36
7/1/2005,GS1,3.64
8/1/2005,GS1,3.87
9/1/2005,GS1,3.85
10/1/2005,GS1,4.18
11/1/2005,GS1,4.33
12/1/2005,GS1,4.35
1/1/2006,GS1,4.45
2/1/2006,GS1,4.68
3/1/2006,GS1,4.77
4/1/2006,GS1,4.9
5/1/2006,GS1,5
6/1/2006,GS1,5.16
7/1/2006,GS1,5.22
8/1/2006,GS1,5.08
9/1/2006,GS1,4.97
10/1/2006,GS1,5.01
11/1/2006,GS1,5.01
12/1/2006,GS1,4.94
1/1/2007,GS1,5.06
2/1/2007,GS1,5.05
3/1/2007,GS1,4.92
4/1/2007,GS1,4.93
5/1/2007,GS1,4.91
6/1/2007,GS1,4.96
7/1/2007,GS1,4.96
8/1/2007,GS1,4.47
9/1/2007,GS1,4.14
10/1/2007,GS1,4.1
11/1/2007,GS1,3.5
12/1/2007,GS1,3.26
1/1/2008,GS1,2.71
2/1/2008,GS1,2.05
3/1/2008,GS1,1.54
4/1/2008,GS1,1.74
5/1/2008,GS1,2.06
6/1/2008,GS1,2.42
7/1/2008,GS1,2.28
8/1/2008,GS1,2.18
9/1/2008,GS1,1.91
10/1/2008,GS1,1.42
11/1/2008,GS1,1.07
12/1/2008,GS1,0.49
1/1/2009,GS1,0.44
2/1/2009,GS1,0.62
3/1/2009,GS1,0.64
4/1/2009,GS1,0.55
5/1/2009,GS1,0.5
6/1/2009,GS1,0.51
7/1/2009,GS1,0.48
8/1/2009,GS1,0.46
9/1/2009,GS1,0.4
10/1/2009,GS1,0.37
11/1/2009,GS1,0.31
12/1/2009,GS1,0.37
1/1/2010,GS1,0.35
2/1/2010,GS1,0.35
3/1/2010,GS1,0.4
4/1/2010,GS1,0.45
5/1/2010,GS1,0.37
6/1/2010,GS1,0.32
7/1/2010,GS1,0.29
8/1/2010,GS1,0.26
9/1/2010,GS1,0.26
10/1/2010,GS1,0.23
11/1/2010,GS1,0.25
12/1/2010,GS1,0.29
1/1/2011,GS1,0.27
2/1/2011,GS1,0.29
3/1/2011,GS1,0.26
4/1/2011,GS1,0.25
5/1/2011,GS1,0.19
6/1/2011,GS1,0.18
7/1/2011,GS1,0.19
8/1/2011,GS1,0.11
9/1/2011,GS1,0.1
10/1/2011,GS1,0.11
11/1/2011,GS1,0.11
12/1/2011,GS1,0.12
1/1/2012,GS1,0.12
2/1/2012,GS1,0.16
3/1/2012,GS1,0.19
4/1/2012,GS1,0.18
5/1/2012,GS1,0.19
6/1/2012,GS1,0.19
7/1/2012,GS1,0.19
8/1/2012,GS1,0.18
9/1/2012,GS1,0.18
10/1/2012,GS1,0.18
11/1/2012,GS1,0.18
12/1/2012,GS1,0.16
1/1/2013,GS1,0.15
2/1/2013,GS1,0.16
3/1/2013,GS1,0.15
4/1/2013,GS1,0.12
5/1/2013,GS1,0.12
6/1/2013,GS1,0.14
7/1/2013,GS1,0.12
8/1/2013,GS1,0.13
9/1/2013,GS1,0.12
10/1/2013,GS1,0.12
11/1/2013,GS1,0.12
12/1/2013,GS1,0.13
1/1/2014,GS1,0.12
2/1/2014,GS1,0.12
3/1/2014,GS1,0.13
4/1/2014,GS1,0.11
5/1/2014,GS1,0.1
6/1/2014,GS1,0.1
7/1/2014,GS1,0.11
8/1/2014,GS1,0.11
9/1/2014,GS1,0.11
10/1/2014,GS1,0.1
11/1/2014,GS1,0.13
12/1/2014,GS1,0.21
1/1/2015,GS1,0.2
2/1/2015,GS1,0.22
3/1/2015,GS1,0.25
4/1/2015,GS1,0.23
5/1/2015,GS1,0.24
6/1/2015,GS1,0.28
7/1/2015,GS1,0.3
8/1/2015,GS1,0.38
9/1/2015,GS1,0.37
10/1/2015,GS1,0.26
11/1/2015,GS1,0.48
12/1/2015,GS1,0.65
1/1/2016,GS1,0.54
2/1/2016,GS1,0.53
3/1/2016,GS1,0.66
4/1/2016,GS1,0.56
5/1/2016,GS1,0.59
6/1/2016,GS1,0.55
7/1/2016,GS1,0.51
8/1/2016,GS1,0.57
9/1/2016,GS1,0.59
10/1/2016,GS1,0.66
11/1/2016,GS1,0.74
2/1/1977,GS10,7.39
3/1/1977,GS10,7.46
4/1/1977,GS10,7.37
5/1/1977,GS10,7.46
6/1/1977,GS10,7.28
7/1/1977,GS10,7.33
8/1/1977,GS10,7.4
9/1/1977,GS10,7.34
10/1/1977,GS10,7.52
11/1/1977,GS10,7.58
12/1/1977,GS10,7.69
1/1/1978,GS10,7.96
2/1/1978,GS10,8.03
3/1/1978,GS10,8.04
4/1/1978,GS10,8.15
5/1/1978,GS10,8.35
6/1/1978,GS10,8.46
7/1/1978,GS10,8.64
8/1/1978,GS10,8.41
9/1/1978,GS10,8.42
10/1/1978,GS10,8.64
11/1/1978,GS10,8.81
12/1/1978,GS10,9.01
1/1/1979,GS10,9.1
2/1/1979,GS10,9.1
3/1/1979,GS10,9.12
4/1/1979,GS10,9.18
5/1/1979,GS10,9.25
6/1/1979,GS10,8.91
7/1/1979,GS10,8.95
8/1/1979,GS10,9.03
9/1/1979,GS10,9.33
10/1/1979,GS10,10.3
11/1/1979,GS10,10.65
12/1/1979,GS10,10.39
1/1/1980,GS10,10.8
2/1/1980,GS10,12.41
3/1/1980,GS10,12.75
4/1/1980,GS10,11.47
5/1/1980,GS10,10.18
6/1/1980,GS10,9.78
7/1/1980,GS10,10.25
8/1/1980,GS10,11.1
9/1/1980,GS10,11.51
10/1/1980,GS10,11.75
11/1/1980,GS10,12.68
12/1/1980,GS10,12.84
1/1/1981,GS10,12.57
2/1/1981,GS10,13.19
3/1/1981,GS10,13.12
4/1/1981,GS10,13.68
5/1/1981,GS10,14.1
6/1/1981,GS10,13.47
7/1/1981,GS10,14.28
8/1/1981,GS10,14.94
9/1/1981,GS10,15.32
10/1/1981,GS10,15.15
11/1/1981,GS10,13.39
12/1/1981,GS10,13.72
1/1/1982,GS10,14.59
2/1/1982,GS10,14.43
3/1/1982,GS10,13.86
4/1/1982,GS10,13.87
5/1/1982,GS10,13.62
6/1/1982,GS10,14.3
7/1/1982,GS10,13.95
8/1/1982,GS10,13.06
9/1/1982,GS10,12.34
10/1/1982,GS10,10.91
11/1/1982,GS10,10.55
12/1/1982,GS10,10.54
1/1/1983,GS10,10.46
2/1/1983,GS10,10.72
3/1/1983,GS10,10.51
4/1/1983,GS10,10.4
5/1/1983,GS10,10.38
6/1/1983,GS10,10.85
7/1/1983,GS10,11.38
8/1/1983,GS10,11.85
9/1/1983,GS10,11.65
10/1/1983,GS10,11.54
11/1/1983,GS10,11.69
12/1/1983,GS10,11.83
1/1/1984,GS10,11.67
2/1/1984,GS10,11.84
3/1/1984,GS10,12.32
4/1/1984,GS10,12.63
5/1/1984,GS10,13.41
6/1/1984,GS10,13.56
7/1/1984,GS10,13.36
8/1/1984,GS10,12.72
9/1/1984,GS10,12.52
10/1/1984,GS10,12.16
11/1/1984,GS10,11.57
12/1/1984,GS10,11.5
1/1/1985,GS10,11.38
2/1/1985,GS10,11.51
3/1/1985,GS10,11.86
4/1/1985,GS10,11.43
5/1/1985,GS10,10.85
6/1/1985,GS10,10.16
7/1/1985,GS10,10.31
8/1/1985,GS10,10.33
9/1/1985,GS10,10.37
10/1/1985,GS10,10.24
11/1/1985,GS10,9.78
12/1/1985,GS10,9.26
1/1/1986,GS10,9.19
2/1/1986,GS10,8.7
3/1/1986,GS10,7.78
4/1/1986,GS10,7.3
5/1/1986,GS10,7.71
6/1/1986,GS10,7.8
7/1/1986,GS10,7.3
8/1/1986,GS10,7.17
9/1/1986,GS10,7.45
10/1/1986,GS10,7.43
11/1/1986,GS10,7.25
12/1/1986,GS10,7.11
1/1/1987,GS10,7.08
2/1/1987,GS10,7.25
3/1/1987,GS10,7.25
4/1/1987,GS10,8.02
5/1/1987,GS10,8.61
6/1/1987,GS10,8.4
7/1/1987,GS10,8.45
8/1/1987,GS10,8.76
9/1/1987,GS10,9.42
10/1/1987,GS10,9.52
11/1/1987,GS10,8.86
12/1/1987,GS10,8.99
1/1/1988,GS10,8.67
2/1/1988,GS10,8.21
3/1/1988,GS10,8.37
4/1/1988,GS10,8.72
5/1/1988,GS10,9.09
6/1/1988,GS10,8.92
7/1/1988,GS10,9.06
8/1/1988,GS10,9.26
9/1/1988,GS10,8.98
10/1/1988,GS10,8.8
11/1/1988,GS10,8.96
12/1/1988,GS10,9.11
1/1/1989,GS10,9.09
2/1/1989,GS10,9.17
3/1/1989,GS10,9.36
4/1/1989,GS10,9.18
5/1/1989,GS10,8.86
6/1/1989,GS10,8.28
7/1/1989,GS10,8.02
8/1/1989,GS10,8.11
9/1/1989,GS10,8.19
10/1/1989,GS10,8.01
11/1/1989,GS10,7.87
12/1/1989,GS10,7.84
1/1/1990,GS10,8.21
2/1/1990,GS10,8.47
3/1/1990,GS10,8.59
4/1/1990,GS10,8.79
5/1/1990,GS10,8.76
6/1/1990,GS10,8.48
7/1/1990,GS10,8.47
8/1/1990,GS10,8.75
9/1/1990,GS10,8.89
10/1/1990,GS10,8.72
11/1/1990,GS10,8.39
12/1/1990,GS10,8.08
1/1/1991,GS10,8.09
2/1/1991,GS10,7.85
3/1/1991,GS10,8.11
4/1/1991,GS10,8.04
5/1/1991,GS10,8.07
6/1/1991,GS10,8.28
7/1/1991,GS10,8.27
8/1/1991,GS10,7.9
9/1/1991,GS10,7.65
10/1/1991,GS10,7.53
11/1/1991,GS10,7.42
12/1/1991,GS10,7.09
1/1/1992,GS10,7.03
2/1/1992,GS10,7.34
3/1/1992,GS10,7.54
4/1/1992,GS10,7.48
5/1/1992,GS10,7.39
6/1/1992,GS10,7.26
7/1/1992,GS10,6.84
8/1/1992,GS10,6.59
9/1/1992,GS10,6.42
10/1/1992,GS10,6.59
11/1/1992,GS10,6.87
12/1/1992,GS10,6.77
1/1/1993,GS10,6.6
2/1/1993,GS10,6.26
3/1/1993,GS10,5.98
4/1/1993,GS10,5.97
5/1/1993,GS10,6.04
6/1/1993,GS10,5.96
7/1/1993,GS10,5.81
8/1/1993,GS10,5.68
9/1/1993,GS10,5.36
10/1/1993,GS10,5.33
11/1/1993,GS10,5.72
12/1/1993,GS10,5.77
1/1/1994,GS10,5.75
2/1/1994,GS10,5.97
3/1/1994,GS10,6.48
4/1/1994,GS10,6.97
5/1/1994,GS10,7.18
6/1/1994,GS10,7.1
7/1/1994,GS10,7.3
8/1/1994,GS10,7.24
9/1/1994,GS10,7.46
10/1/1994,GS10,7.74
11/1/1994,GS10,7.96
12/1/1994,GS10,7.81
1/1/1995,GS10,7.78
2/1/1995,GS10,7.47
3/1/1995,GS10,7.2
4/1/1995,GS10,7.06
5/1/1995,GS10,6.63
6/1/1995,GS10,6.17
7/1/1995,GS10,6.28
8/1/1995,GS10,6.49
9/1/1995,GS10,6.2
10/1/1995,GS10,6.04
11/1/1995,GS10,5.93
12/1/1995,GS10,5.71
1/1/1996,GS10,5.65
2/1/1996,GS10,5.81
3/1/1996,GS10,6.27
4/1/1996,GS10,6.51
5/1/1996,GS10,6.74
6/1/1996,GS10,6.91
7/1/1996,GS10,6.87
8/1/1996,GS10,6.64
9/1/1996,GS10,6.83
10/1/1996,GS10,6.53
11/1/1996,GS10,6.2
12/1/1996,GS10,6.3
1/1/1997,GS10,6.58
2/1/1997,GS10,6.42
3/1/1997,GS10,6.69
4/1/1997,GS10,6.89
5/1/1997,GS10,6.71
6/1/1997,GS10,6.49
7/1/1997,GS10,6.22
8/1/1997,GS10,6.3
9/1/1997,GS10,6.21
10/1/1997,GS10,6.03
11/1/1997,GS10,5.88
12/1/1997,GS10,5.81
1/1/1998,GS10,5.54
2/1/1998,GS10,5.57
3/1/1998,GS10,5.65
4/1/1998,GS10,5.64
5/1/1998,GS10,5.65
6/1/1998,GS10,5.5
7/1/1998,GS10,5.46
8/1/1998,GS10,5.34
9/1/1998,GS10,4.81
10/1/1998,GS10,4.53
11/1/1998,GS10,4.83
12/1/1998,GS10,4.65
1/1/1999,GS10,4.72
2/1/1999,GS10,5
3/1/1999,GS10,5.23
4/1/1999,GS10,5.18
5/1/1999,GS10,5.54
6/1/1999,GS10,5.9
7/1/1999,GS10,5.79
8/1/1999,GS10,5.94
9/1/1999,GS10,5.92
10/1/1999,GS10,6.11
11/1/1999,GS10,6.03
12/1/1999,GS10,6.28
1/1/2000,GS10,6.66
2/1/2000,GS10,6.52
3/1/2000,GS10,6.26
4/1/2000,GS10,5.99
5/1/2000,GS10,6.44
6/1/2000,GS10,6.1
7/1/2000,GS10,6.05
8/1/2000,GS10,5.83
9/1/2000,GS10,5.8
10/1/2000,GS10,5.74
11/1/2000,GS10,5.72
12/1/2000,GS10,5.24
1/1/2001,GS10,5.16
2/1/2001,GS10,5.1
3/1/2001,GS10,4.89
4/1/2001,GS10,5.14
5/1/2001,GS10,5.39
6/1/2001,GS10,5.28
7/1/2001,GS10,5.24
8/1/2001,GS10,4.97
9/1/2001,GS10,4.73
10/1/2001,GS10,4.57
11/1/2001,GS10,4.65
12/1/2001,GS10,5.09
1/1/2002,GS10,5.04
2/1/2002,GS10,4.91
3/1/2002,GS10,5.28
4/1/2002,GS10,5.21
5/1/2002,GS10,5.16
6/1/2002,GS10,4.93
7/1/2002,GS10,4.65
8/1/2002,GS10,4.26
9/1/2002,GS10,3.87
10/1/2002,GS10,3.94
11/1/2002,GS10,4.05
12/1/2002,GS10,4.03
1/1/2003,GS10,4.05
2/1/2003,GS10,3.9
3/1/2003,GS10,3.81
4/1/2003,GS10,3.96
5/1/2003,GS10,3.57
6/1/2003,GS10,3.33
7/1/2003,GS10,3.98
8/1/2003,GS10,4.45
9/1/2003,GS10,4.27
10/1/2003,GS10,4.29
11/1/2003,GS10,4.3
12/1/2003,GS10,4.27
1/1/2004,GS10,4.15
2/1/2004,GS10,4.08
3/1/2004,GS10,3.83
4/1/2004,GS10,4.35
5/1/2004,GS10,4.72
6/1/2004,GS10,4.73
7/1/2004,GS10,4.5
8/1/2004,GS10,4.28
9/1/2004,GS10,4.13
10/1/2004,GS10,4.1
11/1/2004,GS10,4.19
12/1/2004,GS10,4.23
1/1/2005,GS10,4.22
2/1/2005,GS10,4.17
3/1/2005,GS10,4.5
4/1/2005,GS10,4.34
5/1/2005,GS10,4.14
6/1/2005,GS10,4
7/1/2005,GS10,4.18
8/1/2005,GS10,4.26
9/1/2005,GS10,4.2
10/1/2005,GS10,4.46
11/1/2005,GS10,4.54
12/1/2005,GS10,4.47
1/1/2006,GS10,4.42
2/1/2006,GS10,4.57
3/1/2006,GS10,4.72
4/1/2006,GS10,4.99
5/1/2006,GS10,5.11
6/1/2006,GS10,5.11
7/1/2006,GS10,5.09
8/1/2006,GS10,4.88
9/1/2006,GS10,4.72
10/1/2006,GS10,4.73
11/1/2006,GS10,4.6
12/1/2006,GS10,4.56
1/1/2007,GS10,4.76
2/1/2007,GS10,4.72
3/1/2007,GS10,4.56
4/1/2007,GS10,4.69
5/1/2007,GS10,4.75
6/1/2007,GS10,5.1
7/1/2007,GS10,5
8/1/2007,GS10,4.67
9/1/2007,GS10,4.52
10/1/2007,GS10,4.53
11/1/2007,GS10,4.15
12/1/2007,GS10,4.1
1/1/2008,GS10,3.74
2/1/2008,GS10,3.74
3/1/2008,GS10,3.51
4/1/2008,GS10,3.68
5/1/2008,GS10,3.88
6/1/2008,GS10,4.1
7/1/2008,GS10,4.01
8/1/2008,GS10,3.89
9/1/2008,GS10,3.69
10/1/2008,GS10,3.81
11/1/2008,GS10,3.53
12/1/2008,GS10,2.42
1/1/2009,GS10,2.52
2/1/2009,GS10,2.87
3/1/2009,GS10,2.82
4/1/2009,GS10,2.93
5/1/2009,GS10,3.29
6/1/2009,GS10,3.72
7/1/2009,GS10,3.56
8/1/2009,GS10,3.59
9/1/2009,GS10,3.4
10/1/2009,GS10,3.39
11/1/2009,GS10,3.4
12/1/2009,GS10,3.59
1/1/2010,GS10,3.73
2/1/2010,GS10,3.69
3/1/2010,GS10,3.73
4/1/2010,GS10,3.85
5/1/2010,GS10,3.42
6/1/2010,GS10,3.2
7/1/2010,GS10,3.01
8/1/2010,GS10,2.7
9/1/2010,GS10,2.65
10/1/2010,GS10,2.54
11/1/2010,GS10,2.76
12/1/2010,GS10,3.29
1/1/2011,GS10,3.39
2/1/2011,GS10,3.58
3/1/2011,GS10,3.41
4/1/2011,GS10,3.46
5/1/2011,GS10,3.17
6/1/2011,GS10,3
7/1/2011,GS10,3
8/1/2011,GS10,2.3
9/1/2011,GS10,1.98
10/1/2011,GS10,2.15
11/1/2011,GS10,2.01
12/1/2011,GS10,1.98
1/1/2012,GS10,1.97
2/1/2012,GS10,1.97
3/1/2012,GS10,2.17
4/1/2012,GS10,2.05
5/1/2012,GS10,1.8
6/1/2012,GS10,1.62
7/1/2012,GS10,1.53
8/1/2012,GS10,1.68
9/1/2012,GS10,1.72
10/1/2012,GS10,1.75
11/1/2012,GS10,1.65
12/1/2012,GS10,1.72
1/1/2013,GS10,1.91
2/1/2013,GS10,1.98
3/1/2013,GS10,1.96
4/1/2013,GS10,1.76
5/1/2013,GS10,1.93
6/1/2013,GS10,2.3
7/1/2013,GS10,2.58
8/1/2013,GS10,2.74
9/1/2013,GS10,2.81
10/1/2013,GS10,2.62
11/1/2013,GS10,2.72
12/1/2013,GS10,2.9
1/1/2014,GS10,2.86
2/1/2014,GS10,2.71
3/1/2014,GS10,2.72
4/1/2014,GS10,2.71
5/1/2014,GS10,2.56
6/1/2014,GS10,2.6
7/1/2014,GS10,2.54
8/1/2014,GS10,2.42
9/1/2014,GS10,2.53
10/1/2014,GS10,2.3
11/1/2014,GS10,2.33
12/1/2014,GS10,2.21
1/1/2015,GS10,1.88
2/1/2015,GS10,1.98
3/1/2015,GS10,2.04
4/1/2015,GS10,1.94
5/1/2015,GS10,2.2
6/1/2015,GS10,2.36
7/1/2015,GS10,2.32
8/1/2015,GS10,2.17
9/1/2015,GS10,2.17
10/1/2015,GS10,2.07
11/1/2015,GS10,2.26
12/1/2015,GS10,2.24
1/1/2016,GS10,2.09
2/1/2016,GS10,1.78
3/1/2016,GS10,1.89
4/1/2016,GS10,1.81
5/1/2016,GS10,1.81
6/1/2016,GS10,1.64
7/1/2016,GS10,1.5
8/1/2016,GS10,1.56
9/1/2016,GS10,1.63
10/1/2016,GS10,1.76
11/1/2016,GS10,2.14
2/1/1977,GS3,6.44
3/1/1977,GS3,6.47
4/1/1977,GS3,6.31
5/1/1977,GS3,6.55
6/1/1977,GS3,6.39
7/1/1977,GS3,6.51
8/1/1977,GS3,6.79
9/1/1977,GS3,6.84
10/1/1977,GS3,7.19
11/1/1977,GS3,7.22
12/1/1977,GS3,7.3
1/1/1978,GS3,7.61
2/1/1978,GS3,7.67
3/1/1978,GS3,7.7
4/1/1978,GS3,7.85
5/1/1978,GS3,8.07
6/1/1978,GS3,8.3
7/1/1978,GS3,8.54
8/1/1978,GS3,8.33
9/1/1978,GS3,8.41
10/1/1978,GS3,8.62
11/1/1978,GS3,9.04
12/1/1978,GS3,9.33
1/1/1979,GS3,9.5
2/1/1979,GS3,9.29
3/1/1979,GS3,9.38
4/1/1979,GS3,9.43
5/1/1979,GS3,9.42
6/1/1979,GS3,8.95
7/1/1979,GS3,8.94
8/1/1979,GS3,9.14
9/1/1979,GS3,9.69
10/1/1979,GS3,10.95
11/1/1979,GS3,11.18
12/1/1979,GS3,10.71
1/1/1980,GS3,10.88
2/1/1980,GS3,12.84
3/1/1980,GS3,14.05
4/1/1980,GS3,12.02
5/1/1980,GS3,9.44
6/1/1980,GS3,8.91
7/1/1980,GS3,9.27
8/1/1980,GS3,10.63
9/1/1980,GS3,11.57
10/1/1980,GS3,12.01
11/1/1980,GS3,13.31
12/1/1980,GS3,13.65
1/1/1981,GS3,13.01
2/1/1981,GS3,13.65
3/1/1981,GS3,13.51
4/1/1981,GS3,14.09
5/1/1981,GS3,15.08
6/1/1981,GS3,14.29
7/1/1981,GS3,15.15
8/1/1981,GS3,16
9/1/1981,GS3,16.22
10/1/1981,GS3,15.5
11/1/1981,GS3,13.11
12/1/1981,GS3,13.66
1/1/1982,GS3,14.64
2/1/1982,GS3,14.73
3/1/1982,GS3,14.13
4/1/1982,GS3,14.18
5/1/1982,GS3,13.77
6/1/1982,GS3,14.48
7/1/1982,GS3,14
8/1/1982,GS3,12.62
9/1/1982,GS3,12.03
10/1/1982,GS3,10.62
11/1/1982,GS3,9.98
12/1/1982,GS3,9.88
1/1/1983,GS3,9.64
2/1/1983,GS3,9.91
3/1/1983,GS3,9.84
4/1/1983,GS3,9.76
5/1/1983,GS3,9.66
6/1/1983,GS3,10.32
7/1/1983,GS3,10.9
8/1/1983,GS3,11.3
9/1/1983,GS3,11.07
10/1/1983,GS3,10.87
11/1/1983,GS3,10.96
12/1/1983,GS3,11.13
1/1/1984,GS3,10.93
2/1/1984,GS3,11.05
3/1/1984,GS3,11.59
4/1/1984,GS3,11.98
5/1/1984,GS3,12.75
6/1/1984,GS3,13.18
7/1/1984,GS3,13.08
8/1/1984,GS3,12.5
9/1/1984,GS3,12.34
10/1/1984,GS3,11.85
11/1/1984,GS3,10.9
12/1/1984,GS3,10.56
1/1/1985,GS3,10.43
2/1/1985,GS3,10.55
3/1/1985,GS3,11.05
4/1/1985,GS3,10.49
5/1/1985,GS3,9.75
6/1/1985,GS3,9.05
7/1/1985,GS3,9.18
8/1/1985,GS3,9.31
9/1/1985,GS3,9.37
10/1/1985,GS3,9.25
11/1/1985,GS3,8.88
12/1/1985,GS3,8.4
1/1/1986,GS3,8.41
2/1/1986,GS3,8.1
3/1/1986,GS3,7.3
4/1/1986,GS3,6.86
5/1/1986,GS3,7.27
6/1/1986,GS3,7.41
7/1/1986,GS3,6.86
8/1/1986,GS3,6.49
9/1/1986,GS3,6.62
10/1/1986,GS3,6.56
11/1/1986,GS3,6.46
12/1/1986,GS3,6.43
1/1/1987,GS3,6.41
2/1/1987,GS3,6.56
3/1/1987,GS3,6.58
4/1/1987,GS3,7.32
5/1/1987,GS3,8.02
6/1/1987,GS3,7.82
7/1/1987,GS3,7.74
8/1/1987,GS3,8.03
9/1/1987,GS3,8.67
10/1/1987,GS3,8.75
11/1/1987,GS3,7.99
12/1/1987,GS3,8.13
1/1/1988,GS3,7.87
2/1/1988,GS3,7.38
3/1/1988,GS3,7.5
4/1/1988,GS3,7.83
5/1/1988,GS3,8.24
6/1/1988,GS3,8.22
7/1/1988,GS3,8.44
8/1/1988,GS3,8.77
9/1/1988,GS3,8.57
10/1/1988,GS3,8.43
11/1/1988,GS3,8.72
12/1/1988,GS3,9.11
1/1/1989,GS3,9.2
2/1/1989,GS3,9.32
3/1/1989,GS3,9.61
4/1/1989,GS3,9.4
5/1/1989,GS3,8.98
6/1/1989,GS3,8.37
7/1/1989,GS3,7.83
8/1/1989,GS3,8.13
9/1/1989,GS3,8.26
10/1/1989,GS3,8.02
11/1/1989,GS3,7.8
12/1/1989,GS3,7.77
1/1/1990,GS3,8.13
2/1/1990,GS3,8.39
3/1/1990,GS3,8.63
4/1/1990,GS3,8.78
5/1/1990,GS3,8.69
6/1/1990,GS3,8.4
7/1/1990,GS3,8.26
8/1/1990,GS3,8.22
9/1/1990,GS3,8.27
10/1/1990,GS3,8.07
11/1/1990,GS3,7.74
12/1/1990,GS3,7.47
1/1/1991,GS3,7.38
2/1/1991,GS3,7.08
3/1/1991,GS3,7.35
4/1/1991,GS3,7.23
5/1/1991,GS3,7.12
6/1/1991,GS3,7.39
7/1/1991,GS3,7.38
8/1/1991,GS3,6.8
9/1/1991,GS3,6.5
10/1/1991,GS3,6.23
11/1/1991,GS3,5.9
12/1/1991,GS3,5.39
1/1/1992,GS3,5.4
2/1/1992,GS3,5.72
3/1/1992,GS3,6.18
4/1/1992,GS3,5.93
5/1/1992,GS3,5.81
6/1/1992,GS3,5.6
7/1/1992,GS3,4.91
8/1/1992,GS3,4.72
9/1/1992,GS3,4.42
10/1/1992,GS3,4.64
11/1/1992,GS3,5.14
12/1/1992,GS3,5.21
1/1/1993,GS3,4.93
2/1/1993,GS3,4.58
3/1/1993,GS3,4.4
4/1/1993,GS3,4.3
5/1/1993,GS3,4.4
6/1/1993,GS3,4.53
7/1/1993,GS3,4.43
8/1/1993,GS3,4.36
9/1/1993,GS3,4.17
10/1/1993,GS3,4.18
11/1/1993,GS3,4.5
12/1/1993,GS3,4.54
1/1/1994,GS3,4.48
2/1/1994,GS3,4.83
3/1/1994,GS3,5.4
4/1/1994,GS3,5.99
5/1/1994,GS3,6.34
6/1/1994,GS3,6.27
7/1/1994,GS3,6.48
8/1/1994,GS3,6.5
9/1/1994,GS3,6.69
10/1/1994,GS3,7.04
11/1/1994,GS3,7.44
12/1/1994,GS3,7.71
1/1/1995,GS3,7.66
2/1/1995,GS3,7.25
3/1/1995,GS3,6.89
4/1/1995,GS3,6.68
5/1/1995,GS3,6.27
6/1/1995,GS3,5.8
7/1/1995,GS3,5.89
8/1/1995,GS3,6.1
9/1/1995,GS3,5.89
10/1/1995,GS3,5.77
11/1/1995,GS3,5.57
12/1/1995,GS3,5.39
1/1/1996,GS3,5.2
2/1/1996,GS3,5.14
3/1/1996,GS3,5.79
4/1/1996,GS3,6.11
5/1/1996,GS3,6.27
6/1/1996,GS3,6.49
7/1/1996,GS3,6.45
8/1/1996,GS3,6.21
9/1/1996,GS3,6.41
10/1/1996,GS3,6.08
11/1/1996,GS3,5.82
12/1/1996,GS3,5.91
1/1/1997,GS3,6.16
2/1/1997,GS3,6.03
3/1/1997,GS3,6.38
4/1/1997,GS3,6.61
5/1/1997,GS3,6.42
6/1/1997,GS3,6.24
7/1/1997,GS3,6
8/1/1997,GS3,6.06
9/1/1997,GS3,5.98
10/1/1997,GS3,5.84
11/1/1997,GS3,5.76
12/1/1997,GS3,5.74
1/1/1998,GS3,5.38
2/1/1998,GS3,5.43
3/1/1998,GS3,5.57
4/1/1998,GS3,5.58
5/1/1998,GS3,5.61
6/1/1998,GS3,5.52
7/1/1998,GS3,5.47
8/1/1998,GS3,5.24
9/1/1998,GS3,4.62
10/1/1998,GS3,4.18
11/1/1998,GS3,4.57
12/1/1998,GS3,4.48
1/1/1999,GS3,4.61
2/1/1999,GS3,4.9
3/1/1999,GS3,5.11
4/1/1999,GS3,5.03
5/1/1999,GS3,5.33
6/1/1999,GS3,5.7
7/1/1999,GS3,5.62
8/1/1999,GS3,5.77
9/1/1999,GS3,5.75
10/1/1999,GS3,5.94
11/1/1999,GS3,5.92
12/1/1999,GS3,6.14
1/1/2000,GS3,6.49
2/1/2000,GS3,6.65
3/1/2000,GS3,6.53
4/1/2000,GS3,6.36
5/1/2000,GS3,6.77
6/1/2000,GS3,6.43
7/1/2000,GS3,6.28
8/1/2000,GS3,6.17
9/1/2000,GS3,6.02
10/1/2000,GS3,5.85
11/1/2000,GS3,5.79
12/1/2000,GS3,5.26
1/1/2001,GS3,4.77
2/1/2001,GS3,4.71
3/1/2001,GS3,4.43
4/1/2001,GS3,4.42
5/1/2001,GS3,4.51
6/1/2001,GS3,4.35
7/1/2001,GS3,4.31
8/1/2001,GS3,4.04
9/1/2001,GS3,3.45
10/1/2001,GS3,3.14
11/1/2001,GS3,3.22
12/1/2001,GS3,3.62
1/1/2002,GS3,3.56
2/1/2002,GS3,3.55
3/1/2002,GS3,4.14
4/1/2002,GS3,4.01
5/1/2002,GS3,3.8
6/1/2002,GS3,3.49
7/1/2002,GS3,3.01
8/1/2002,GS3,2.52
9/1/2002,GS3,2.32
10/1/2002,GS3,2.25
11/1/2002,GS3,2.32
12/1/2002,GS3,2.23
1/1/2003,GS3,2.18
2/1/2003,GS3,2.05
3/1/2003,GS3,1.98
4/1/2003,GS3,2.06
5/1/2003,GS3,1.75
6/1/2003,GS3,1.51
7/1/2003,GS3,1.93
8/1/2003,GS3,2.44
9/1/2003,GS3,2.23
10/1/2003,GS3,2.26
11/1/2003,GS3,2.45
12/1/2003,GS3,2.44
1/1/2004,GS3,2.27
2/1/2004,GS3,2.25
3/1/2004,GS3,2
4/1/2004,GS3,2.57
5/1/2004,GS3,3.1
6/1/2004,GS3,3.26
7/1/2004,GS3,3.05
8/1/2004,GS3,2.88
9/1/2004,GS3,2.83
10/1/2004,GS3,2.85
11/1/2004,GS3,3.09
12/1/2004,GS3,3.21
1/1/2005,GS3,3.39
2/1/2005,GS3,3.54
3/1/2005,GS3,3.91
4/1/2005,GS3,3.79
5/1/2005,GS3,3.72
6/1/2005,GS3,3.69
7/1/2005,GS3,3.91
8/1/2005,GS3,4.08
9/1/2005,GS3,3.96
10/1/2005,GS3,4.29
11/1/2005,GS3,4.43
12/1/2005,GS3,4.39
1/1/2006,GS3,4.35
2/1/2006,GS3,4.64
3/1/2006,GS3,4.74
4/1/2006,GS3,4.89
5/1/2006,GS3,4.97
6/1/2006,GS3,5.09
7/1/2006,GS3,5.07
8/1/2006,GS3,4.85
9/1/2006,GS3,4.69
10/1/2006,GS3,4.72
11/1/2006,GS3,4.64
12/1/2006,GS3,4.58
1/1/2007,GS3,4.79
2/1/2007,GS3,4.75
3/1/2007,GS3,4.51
4/1/2007,GS3,4.6
5/1/2007,GS3,4.69
6/1/2007,GS3,5
7/1/2007,GS3,4.82
8/1/2007,GS3,4.34
9/1/2007,GS3,4.06
10/1/2007,GS3,4.01
11/1/2007,GS3,3.35
12/1/2007,GS3,3.13
1/1/2008,GS3,2.51
2/1/2008,GS3,2.19
3/1/2008,GS3,1.8
4/1/2008,GS3,2.23
5/1/2008,GS3,2.69
6/1/2008,GS3,3.08
7/1/2008,GS3,2.87
8/1/2008,GS3,2.7
9/1/2008,GS3,2.32
10/1/2008,GS3,1.86
11/1/2008,GS3,1.51
12/1/2008,GS3,1.07
1/1/2009,GS3,1.13
2/1/2009,GS3,1.37
3/1/2009,GS3,1.31
4/1/2009,GS3,1.32
5/1/2009,GS3,1.39
6/1/2009,GS3,1.76
7/1/2009,GS3,1.55
8/1/2009,GS3,1.65
9/1/2009,GS3,1.48
10/1/2009,GS3,1.46
11/1/2009,GS3,1.32
12/1/2009,GS3,1.38
1/1/2010,GS3,1.49
2/1/2010,GS3,1.4
3/1/2010,GS3,1.51
4/1/2010,GS3,1.64
5/1/2010,GS3,1.32
6/1/2010,GS3,1.17
7/1/2010,GS3,0.98
8/1/2010,GS3,0.78
9/1/2010,GS3,0.74
10/1/2010,GS3,0.57
11/1/2010,GS3,0.67
12/1/2010,GS3,0.99
1/1/2011,GS3,1.03
2/1/2011,GS3,1.28
3/1/2011,GS3,1.17
4/1/2011,GS3,1.21
5/1/2011,GS3,0.94
6/1/2011,GS3,0.71
7/1/2011,GS3,0.68
8/1/2011,GS3,0.38
9/1/2011,GS3,0.35
10/1/2011,GS3,0.47
11/1/2011,GS3,0.39
12/1/2011,GS3,0.39
1/1/2012,GS3,0.36
2/1/2012,GS3,0.38
3/1/2012,GS3,0.51
4/1/2012,GS3,0.43
5/1/2012,GS3,0.39
6/1/2012,GS3,0.39
7/1/2012,GS3,0.33
8/1/2012,GS3,0.37
9/1/2012,GS3,0.34
10/1/2012,GS3,0.37
11/1/2012,GS3,0.36
12/1/2012,GS3,0.35
1/1/2013,GS3,0.39
2/1/2013,GS3,0.4
3/1/2013,GS3,0.39
4/1/2013,GS3,0.34
5/1/2013,GS3,0.4
6/1/2013,GS3,0.58
7/1/2013,GS3,0.64
8/1/2013,GS3,0.7
9/1/2013,GS3,0.78
10/1/2013,GS3,0.63
11/1/2013,GS3,0.58
12/1/2013,GS3,0.69
1/1/2014,GS3,0.78
2/1/2014,GS3,0.69
3/1/2014,GS3,0.82
4/1/2014,GS3,0.88
5/1/2014,GS3,0.83
6/1/2014,GS3,0.9
7/1/2014,GS3,0.97
8/1/2014,GS3,0.93
9/1/2014,GS3,1.05
10/1/2014,GS3,0.88
11/1/2014,GS3,0.96
12/1/2014,GS3,1.06
1/1/2015,GS3,0.9
2/1/2015,GS3,0.99
3/1/2015,GS3,1.02
4/1/2015,GS3,0.87
5/1/2015,GS3,0.98
6/1/2015,GS3,1.07
7/1/2015,GS3,1.03
8/1/2015,GS3,1.03
9/1/2015,GS3,1.01
10/1/2015,GS3,0.93
11/1/2015,GS3,1.2
12/1/2015,GS3,1.28
1/1/2016,GS3,1.14
2/1/2016,GS3,0.9
3/1/2016,GS3,1.04
4/1/2016,GS3,0.92
5/1/2016,GS3,0.97
6/1/2016,GS3,0.86
7/1/2016,GS3,0.79
8/1/2016,GS3,0.85
9/1/2016,GS3,0.9
10/1/2016,GS3,0.99
11/1/2016,GS3,1.22
2/1/1977,GS30,7.75
3/1/1977,GS30,7.8
4/1/1977,GS30,7.73
5/1/1977,GS30,7.8
6/1/1977,GS30,7.64
7/1/1977,GS30,7.64
8/1/1977,GS30,7.68
9/1/1977,GS30,7.64
10/1/1977,GS30,7.77
11/1/1977,GS30,7.85
12/1/1977,GS30,7.94
1/1/1978,GS30,8.18
2/1/1978,GS30,8.25
3/1/1978,GS30,8.23
4/1/1978,GS30,8.34
5/1/1978,GS30,8.43
6/1/1978,GS30,8.5
7/1/1978,GS30,8.65
8/1/1978,GS30,8.47
9/1/1978,GS30,8.47
10/1/1978,GS30,8.67
11/1/1978,GS30,8.75
12/1/1978,GS30,8.88
1/1/1979,GS30,8.94
2/1/1979,GS30,9
3/1/1979,GS30,9.03
4/1/1979,GS30,9.08
5/1/1979,GS30,9.19
6/1/1979,GS30,8.92
7/1/1979,GS30,8.93
8/1/1979,GS30,8.98
9/1/1979,GS30,9.17
10/1/1979,GS30,9.85
11/1/1979,GS30,10.3
12/1/1979,GS30,10.12
1/1/1980,GS30,10.6
2/1/1980,GS30,12.13
3/1/1980,GS30,12.34
4/1/1980,GS30,11.4
5/1/1980,GS30,10.36
6/1/1980,GS30,9.81
7/1/1980,GS30,10.24
8/1/1980,GS30,11
9/1/1980,GS30,11.34
10/1/1980,GS30,11.59
11/1/1980,GS30,12.37
12/1/1980,GS30,12.4
1/1/1981,GS30,12.14
2/1/1981,GS30,12.8
3/1/1981,GS30,12.69
4/1/1981,GS30,13.2
5/1/1981,GS30,13.6
6/1/1981,GS30,12.96
7/1/1981,GS30,13.59
8/1/1981,GS30,14.17
9/1/1981,GS30,14.67
10/1/1981,GS30,14.68
11/1/1981,GS30,13.35
12/1/1981,GS30,13.45
1/1/1982,GS30,14.22
2/1/1982,GS30,14.22
3/1/1982,GS30,13.53
4/1/1982,GS30,13.37
5/1/1982,GS30,13.24
6/1/1982,GS30,13.92
7/1/1982,GS30,13.55
8/1/1982,GS30,12.77
9/1/1982,GS30,12.07
10/1/1982,GS30,11.17
11/1/1982,GS30,10.54
12/1/1982,GS30,10.54
1/1/1983,GS30,10.63
2/1/1983,GS30,10.88
3/1/1983,GS30,10.63
4/1/1983,GS30,10.48
5/1/1983,GS30,10.53
6/1/1983,GS30,10.93
7/1/1983,GS30,11.4
8/1/1983,GS30,11.82
9/1/1983,GS30,11.63
10/1/1983,GS30,11.58
11/1/1983,GS30,11.75
12/1/1983,GS30,11.88
1/1/1984,GS30,11.75
2/1/1984,GS30,11.95
3/1/1984,GS30,12.38
4/1/1984,GS30,12.65
5/1/1984,GS30,13.43
6/1/1984,GS30,13.44
7/1/1984,GS30,13.21
8/1/1984,GS30,12.54
9/1/1984,GS30,12.29
10/1/1984,GS30,11.98
11/1/1984,GS30,11.56
12/1/1984,GS30,11.52
1/1/1985,GS30,11.45
2/1/1985,GS30,11.47
3/1/1985,GS30,11.81
4/1/1985,GS30,11.47
5/1/1985,GS30,11.05
6/1/1985,GS30,10.45
7/1/1985,GS30,10.5
8/1/1985,GS30,10.56
9/1/1985,GS30,10.61
10/1/1985,GS30,10.5
11/1/1985,GS30,10.06
12/1/1985,GS30,9.54
1/1/1986,GS30,9.4
2/1/1986,GS30,8.93
3/1/1986,GS30,7.96
4/1/1986,GS30,7.39
5/1/1986,GS30,7.52
6/1/1986,GS30,7.57
7/1/1986,GS30,7.27
8/1/1986,GS30,7.33
9/1/1986,GS30,7.62
10/1/1986,GS30,7.7
11/1/1986,GS30,7.52
12/1/1986,GS30,7.37
1/1/1987,GS30,7.39
2/1/1987,GS30,7.54
3/1/1987,GS30,7.55
4/1/1987,GS30,8.25
5/1/1987,GS30,8.78
6/1/1987,GS30,8.57
7/1/1987,GS30,8.64
8/1/1987,GS30,8.97
9/1/1987,GS30,9.59
10/1/1987,GS30,9.61
11/1/1987,GS30,8.95
12/1/1987,GS30,9.12
1/1/1988,GS30,8.83
2/1/1988,GS30,8.43
3/1/1988,GS30,8.63
4/1/1988,GS30,8.95
5/1/1988,GS30,9.23
6/1/1988,GS30,9
7/1/1988,GS30,9.14
8/1/1988,GS30,9.32
9/1/1988,GS30,9.06
10/1/1988,GS30,8.89
11/1/1988,GS30,9.02
12/1/1988,GS30,9.01
1/1/1989,GS30,8.93
2/1/1989,GS30,9.01
3/1/1989,GS30,9.17
4/1/1989,GS30,9.03
5/1/1989,GS30,8.83
6/1/1989,GS30,8.27
7/1/1989,GS30,8.08
8/1/1989,GS30,8.12
9/1/1989,GS30,8.15
10/1/1989,GS30,8
11/1/1989,GS30,7.9
12/1/1989,GS30,7.9
1/1/1990,GS30,8.26
2/1/1990,GS30,8.5
3/1/1990,GS30,8.56
4/1/1990,GS30,8.76
5/1/1990,GS30,8.73
6/1/1990,GS30,8.46
7/1/1990,GS30,8.5
8/1/1990,GS30,8.86
9/1/1990,GS30,9.03
10/1/1990,GS30,8.86
11/1/1990,GS30,8.54
12/1/1990,GS30,8.24
1/1/1991,GS30,8.27
2/1/1991,GS30,8.03
3/1/1991,GS30,8.29
4/1/1991,GS30,8.21
5/1/1991,GS30,8.27
6/1/1991,GS30,8.47
7/1/1991,GS30,8.45
8/1/1991,GS30,8.14
9/1/1991,GS30,7.95
10/1/1991,GS30,7.93
11/1/1991,GS30,7.92
12/1/1991,GS30,7.7
1/1/1992,GS30,7.58
2/1/1992,GS30,7.85
3/1/1992,GS30,7.97
4/1/1992,GS30,7.96
5/1/1992,GS30,7.89
6/1/1992,GS30,7.84
7/1/1992,GS30,7.6
8/1/1992,GS30,7.39
9/1/1992,GS30,7.34
10/1/1992,GS30,7.53
11/1/1992,GS30,7.61
12/1/1992,GS30,7.44
1/1/1993,GS30,7.34
2/1/1993,GS30,7.09
3/1/1993,GS30,6.82
4/1/1993,GS30,6.85
5/1/1993,GS30,6.92
6/1/1993,GS30,6.81
7/1/1993,GS30,6.63
8/1/1993,GS30,6.32
9/1/1993,GS30,6
10/1/1993,GS30,5.94
11/1/1993,GS30,6.21
12/1/1993,GS30,6.25
1/1/1994,GS30,6.29
2/1/1994,GS30,6.49
3/1/1994,GS30,6.91
4/1/1994,GS30,7.27
5/1/1994,GS30,7.41
6/1/1994,GS30,7.4
7/1/1994,GS30,7.58
8/1/1994,GS30,7.49
9/1/1994,GS30,7.71
10/1/1994,GS30,7.94
11/1/1994,GS30,8.08
12/1/1994,GS30,7.87
1/1/1995,GS30,7.85
2/1/1995,GS30,7.61
3/1/1995,GS30,7.45
4/1/1995,GS30,7.36
5/1/1995,GS30,6.95
6/1/1995,GS30,6.57
7/1/1995,GS30,6.72
8/1/1995,GS30,6.86
9/1/1995,GS30,6.55
10/1/1995,GS30,6.37
11/1/1995,GS30,6.26
12/1/1995,GS30,6.06
1/1/1996,GS30,6.05
2/1/1996,GS30,6.24
3/1/1996,GS30,6.6
4/1/1996,GS30,6.79
5/1/1996,GS30,6.93
6/1/1996,GS30,7.06
7/1/1996,GS30,7.03
8/1/1996,GS30,6.84
9/1/1996,GS30,7.03
10/1/1996,GS30,6.81
11/1/1996,GS30,6.48
12/1/1996,GS30,6.55
1/1/1997,GS30,6.83
2/1/1997,GS30,6.69
3/1/1997,GS30,6.93
4/1/1997,GS30,7.09
5/1/1997,GS30,6.94
6/1/1997,GS30,6.77
7/1/1997,GS30,6.51
8/1/1997,GS30,6.58
9/1/1997,GS30,6.5
10/1/1997,GS30,6.33
11/1/1997,GS30,6.11
12/1/1997,GS30,5.99
1/1/1998,GS30,5.81
2/1/1998,GS30,5.89
3/1/1998,GS30,5.95
4/1/1998,GS30,5.92
5/1/1998,GS30,5.93
6/1/1998,GS30,5.7
7/1/1998,GS30,5.68
8/1/1998,GS30,5.54
9/1/1998,GS30,5.2
10/1/1998,GS30,5.01
11/1/1998,GS30,5.25
12/1/1998,GS30,5.06
1/1/1999,GS30,5.16
2/1/1999,GS30,5.37
3/1/1999,GS30,5.58
4/1/1999,GS30,5.55
5/1/1999,GS30,5.81
6/1/1999,GS30,6.04
7/1/1999,GS30,5.98
8/1/1999,GS30,6.07
9/1/1999,GS30,6.07
10/1/1999,GS30,6.26
11/1/1999,GS30,6.15
12/1/1999,GS30,6.35
1/1/2000,GS30,6.63
2/1/2000,GS30,6.23
3/1/2000,GS30,6.05
4/1/2000,GS30,5.85
5/1/2000,GS30,6.15
6/1/2000,GS30,5.93
7/1/2000,GS30,5.85
8/1/2000,GS30,5.72
9/1/2000,GS30,5.83
10/1/2000,GS30,5.8
11/1/2000,GS30,5.78
12/1/2000,GS30,5.49
1/1/2001,GS30,5.54
2/1/2001,GS30,5.45
3/1/2001,GS30,5.34
4/1/2001,GS30,5.65
5/1/2001,GS30,5.78
6/1/2001,GS30,5.67
7/1/2001,GS30,5.61
8/1/2001,GS30,5.48
9/1/2001,GS30,5.48
10/1/2001,GS30,5.32
11/1/2001,GS30,5.12
12/1/2001,GS30,5.48
1/1/2002,GS30,5.45
2/1/2002,GS30,5.4
3/1/2002,GS30,NA
4/1/2002,GS30,NA
5/1/2002,GS30,NA
6/1/2002,GS30,NA
7/1/2002,GS30,NA
8/1/2002,GS30,NA
9/1/2002,GS30,NA
10/1/2002,GS30,NA
11/1/2002,GS30,NA
12/1/2002,GS30,NA
1/1/2003,GS30,NA
2/1/2003,GS30,NA
3/1/2003,GS30,NA
4/1/2003,GS30,NA
5/1/2003,GS30,NA
6/1/2003,GS30,NA
7/1/2003,GS30,NA
8/1/2003,GS30,NA
9/1/2003,GS30,NA
10/1/2003,GS30,NA
11/1/2003,GS30,NA
12/1/2003,GS30,NA
1/1/2004,GS30,NA
2/1/2004,GS30,NA
3/1/2004,GS30,NA
4/1/2004,GS30,NA
5/1/2004,GS30,NA
6/1/2004,GS30,NA
7/1/2004,GS30,NA
8/1/2004,GS30,NA
9/1/2004,GS30,NA
10/1/2004,GS30,NA
11/1/2004,GS30,NA
12/1/2004,GS30,NA
1/1/2005,GS30,NA
2/1/2005,GS30,NA
3/1/2005,GS30,NA
4/1/2005,GS30,NA
5/1/2005,GS30,NA
6/1/2005,GS30,NA
7/1/2005,GS30,NA
8/1/2005,GS30,NA
9/1/2005,GS30,NA
10/1/2005,GS30,NA
11/1/2005,GS30,NA
12/1/2005,GS30,NA
1/1/2006,GS30,NA
2/1/2006,GS30,4.54
3/1/2006,GS30,4.73
4/1/2006,GS30,5.06
5/1/2006,GS30,5.2
6/1/2006,GS30,5.15
7/1/2006,GS30,5.13
8/1/2006,GS30,5
9/1/2006,GS30,4.85
10/1/2006,GS30,4.85
11/1/2006,GS30,4.69
12/1/2006,GS30,4.68
1/1/2007,GS30,4.85
2/1/2007,GS30,4.82
3/1/2007,GS30,4.72
4/1/2007,GS30,4.87
5/1/2007,GS30,4.9
6/1/2007,GS30,5.2
7/1/2007,GS30,5.11
8/1/2007,GS30,4.93
9/1/2007,GS30,4.79
10/1/2007,GS30,4.77
11/1/2007,GS30,4.52
12/1/2007,GS30,4.53
1/1/2008,GS30,4.33
2/1/2008,GS30,4.52
3/1/2008,GS30,4.39
4/1/2008,GS30,4.44
5/1/2008,GS30,4.6
6/1/2008,GS30,4.69
7/1/2008,GS30,4.57
8/1/2008,GS30,4.5
9/1/2008,GS30,4.27
10/1/2008,GS30,4.17
11/1/2008,GS30,4
12/1/2008,GS30,2.87
1/1/2009,GS30,3.13
2/1/2009,GS30,3.59
3/1/2009,GS30,3.64
4/1/2009,GS30,3.76
5/1/2009,GS30,4.23
6/1/2009,GS30,4.52
7/1/2009,GS30,4.41
8/1/2009,GS30,4.37
9/1/2009,GS30,4.19
10/1/2009,GS30,4.19
11/1/2009,GS30,4.31
12/1/2009,GS30,4.49
1/1/2010,GS30,4.6
2/1/2010,GS30,4.62
3/1/2010,GS30,4.64
4/1/2010,GS30,4.69
5/1/2010,GS30,4.29
6/1/2010,GS30,4.13
7/1/2010,GS30,3.99
8/1/2010,GS30,3.8
9/1/2010,GS30,3.77
10/1/2010,GS30,3.87
11/1/2010,GS30,4.19
12/1/2010,GS30,4.42
1/1/2011,GS30,4.52
2/1/2011,GS30,4.65
3/1/2011,GS30,4.51
4/1/2011,GS30,4.5
5/1/2011,GS30,4.29
6/1/2011,GS30,4.23
7/1/2011,GS30,4.27
8/1/2011,GS30,3.65
9/1/2011,GS30,3.18
10/1/2011,GS30,3.13
11/1/2011,GS30,3.02
12/1/2011,GS30,2.98
1/1/2012,GS30,3.03
2/1/2012,GS30,3.11
3/1/2012,GS30,3.28
4/1/2012,GS30,3.18
5/1/2012,GS30,2.93
6/1/2012,GS30,2.7
7/1/2012,GS30,2.59
8/1/2012,GS30,2.77
9/1/2012,GS30,2.88
10/1/2012,GS30,2.9
11/1/2012,GS30,2.8
12/1/2012,GS30,2.88
1/1/2013,GS30,3.08
2/1/2013,GS30,3.17
3/1/2013,GS30,3.16
4/1/2013,GS30,2.93
5/1/2013,GS30,3.11
6/1/2013,GS30,3.4
7/1/2013,GS30,3.61
8/1/2013,GS30,3.76
9/1/2013,GS30,3.79
10/1/2013,GS30,3.68
11/1/2013,GS30,3.8
12/1/2013,GS30,3.89
1/1/2014,GS30,3.77
2/1/2014,GS30,3.66
3/1/2014,GS30,3.62
4/1/2014,GS30,3.52
5/1/2014,GS30,3.39
6/1/2014,GS30,3.42
7/1/2014,GS30,3.33
8/1/2014,GS30,3.2
9/1/2014,GS30,3.26
10/1/2014,GS30,3.04
11/1/2014,GS30,3.04
12/1/2014,GS30,2.83
1/1/2015,GS30,2.46
2/1/2015,GS30,2.57
3/1/2015,GS30,2.63
4/1/2015,GS30,2.59
5/1/2015,GS30,2.96
6/1/2015,GS30,3.11
7/1/2015,GS30,3.07
8/1/2015,GS30,2.86
9/1/2015,GS30,2.95
10/1/2015,GS30,2.89
11/1/2015,GS30,3.03
12/1/2015,GS30,2.97
1/1/2016,GS30,2.86
2/1/2016,GS30,2.62
3/1/2016,GS30,2.68
4/1/2016,GS30,2.62
5/1/2016,GS30,2.63
6/1/2016,GS30,2.45
7/1/2016,GS30,2.23
8/1/2016,GS30,2.26
9/1/2016,GS30,2.35
10/1/2016,GS30,2.5
11/1/2016,GS30,2.86
2/1/1977,GS5,6.83
3/1/1977,GS5,6.93
4/1/1977,GS5,6.79
5/1/1977,GS5,6.94
6/1/1977,GS5,6.76
7/1/1977,GS5,6.84
8/1/1977,GS5,7.03
9/1/1977,GS5,7.04
10/1/1977,GS5,7.32
11/1/1977,GS5,7.34
12/1/1977,GS5,7.48
1/1/1978,GS5,7.77
2/1/1978,GS5,7.83
3/1/1978,GS5,7.86
4/1/1978,GS5,7.98
5/1/1978,GS5,8.18
6/1/1978,GS5,8.36
7/1/1978,GS5,8.54
8/1/1978,GS5,8.33
9/1/1978,GS5,8.43
10/1/1978,GS5,8.61
11/1/1978,GS5,8.84
12/1/1978,GS5,9.08
1/1/1979,GS5,9.2
2/1/1979,GS5,9.13
3/1/1979,GS5,9.2
4/1/1979,GS5,9.25
5/1/1979,GS5,9.24
6/1/1979,GS5,8.85
7/1/1979,GS5,8.9
8/1/1979,GS5,9.06
9/1/1979,GS5,9.41
10/1/1979,GS5,10.63
11/1/1979,GS5,10.93
12/1/1979,GS5,10.42
1/1/1980,GS5,10.74
2/1/1980,GS5,12.6
3/1/1980,GS5,13.47
4/1/1980,GS5,11.84
5/1/1980,GS5,9.95
6/1/1980,GS5,9.21
7/1/1980,GS5,9.53
8/1/1980,GS5,10.84
9/1/1980,GS5,11.62
10/1/1980,GS5,11.86
11/1/1980,GS5,12.83
12/1/1980,GS5,13.25
1/1/1981,GS5,12.77
2/1/1981,GS5,13.41
3/1/1981,GS5,13.41
4/1/1981,GS5,13.99
5/1/1981,GS5,14.63
6/1/1981,GS5,13.95
7/1/1981,GS5,14.79
8/1/1981,GS5,15.56
9/1/1981,GS5,15.93
10/1/1981,GS5,15.41
11/1/1981,GS5,13.38
12/1/1981,GS5,13.6
1/1/1982,GS5,14.65
2/1/1982,GS5,14.54
3/1/1982,GS5,13.98
4/1/1982,GS5,14
5/1/1982,GS5,13.75
6/1/1982,GS5,14.43
7/1/1982,GS5,14.07
8/1/1982,GS5,13
9/1/1982,GS5,12.25
10/1/1982,GS5,10.8
11/1/1982,GS5,10.38
12/1/1982,GS5,10.22
1/1/1983,GS5,10.03
2/1/1983,GS5,10.26
3/1/1983,GS5,10.08
4/1/1983,GS5,10.02
5/1/1983,GS5,10.03
6/1/1983,GS5,10.63
7/1/1983,GS5,11.21
8/1/1983,GS5,11.63
9/1/1983,GS5,11.43
10/1/1983,GS5,11.28
11/1/1983,GS5,11.41
12/1/1983,GS5,11.54
1/1/1984,GS5,11.37
2/1/1984,GS5,11.54
3/1/1984,GS5,12.02
4/1/1984,GS5,12.37
5/1/1984,GS5,13.17
6/1/1984,GS5,13.48
7/1/1984,GS5,13.27
8/1/1984,GS5,12.68
9/1/1984,GS5,12.53
10/1/1984,GS5,12.06
11/1/1984,GS5,11.33
12/1/1984,GS5,11.07
1/1/1985,GS5,10.93
2/1/1985,GS5,11.13
3/1/1985,GS5,11.52
4/1/1985,GS5,11.01
5/1/1985,GS5,10.34
6/1/1985,GS5,9.6
7/1/1985,GS5,9.7
8/1/1985,GS5,9.81
9/1/1985,GS5,9.81
10/1/1985,GS5,9.69
11/1/1985,GS5,9.28
12/1/1985,GS5,8.73
1/1/1986,GS5,8.68
2/1/1986,GS5,8.34
3/1/1986,GS5,7.46
4/1/1986,GS5,7.05
5/1/1986,GS5,7.52
6/1/1986,GS5,7.64
7/1/1986,GS5,7.06
8/1/1986,GS5,6.8
9/1/1986,GS5,6.92
10/1/1986,GS5,6.83
11/1/1986,GS5,6.76
12/1/1986,GS5,6.67
1/1/1987,GS5,6.64
2/1/1987,GS5,6.79
3/1/1987,GS5,6.79
4/1/1987,GS5,7.57
5/1/1987,GS5,8.26
6/1/1987,GS5,8.02
7/1/1987,GS5,8.01
8/1/1987,GS5,8.32
9/1/1987,GS5,8.94
10/1/1987,GS5,9.08
11/1/1987,GS5,8.35
12/1/1987,GS5,8.45
1/1/1988,GS5,8.18
2/1/1988,GS5,7.71
3/1/1988,GS5,7.83
4/1/1988,GS5,8.19
5/1/1988,GS5,8.58
6/1/1988,GS5,8.49
7/1/1988,GS5,8.66
8/1/1988,GS5,8.94
9/1/1988,GS5,8.69
10/1/1988,GS5,8.51
11/1/1988,GS5,8.79
12/1/1988,GS5,9.09
1/1/1989,GS5,9.15
2/1/1989,GS5,9.27
3/1/1989,GS5,9.51
4/1/1989,GS5,9.3
5/1/1989,GS5,8.91
6/1/1989,GS5,8.29
7/1/1989,GS5,7.83
8/1/1989,GS5,8.09
9/1/1989,GS5,8.17
10/1/1989,GS5,7.97
11/1/1989,GS5,7.81
12/1/1989,GS5,7.75
1/1/1990,GS5,8.12
2/1/1990,GS5,8.42
3/1/1990,GS5,8.6
4/1/1990,GS5,8.77
5/1/1990,GS5,8.74
6/1/1990,GS5,8.43
7/1/1990,GS5,8.33
8/1/1990,GS5,8.44
9/1/1990,GS5,8.51
10/1/1990,GS5,8.33
11/1/1990,GS5,8.02
12/1/1990,GS5,7.73
1/1/1991,GS5,7.7
2/1/1991,GS5,7.47
3/1/1991,GS5,7.77
4/1/1991,GS5,7.7
5/1/1991,GS5,7.7
6/1/1991,GS5,7.94
7/1/1991,GS5,7.91
8/1/1991,GS5,7.43
9/1/1991,GS5,7.14
10/1/1991,GS5,6.87
11/1/1991,GS5,6.62
12/1/1991,GS5,6.19
1/1/1992,GS5,6.24
2/1/1992,GS5,6.58
3/1/1992,GS5,6.95
4/1/1992,GS5,6.78
5/1/1992,GS5,6.69
6/1/1992,GS5,6.48
7/1/1992,GS5,5.84
8/1/1992,GS5,5.6
9/1/1992,GS5,5.38
10/1/1992,GS5,5.6
11/1/1992,GS5,6.04
12/1/1992,GS5,6.08
1/1/1993,GS5,5.83
2/1/1993,GS5,5.43
3/1/1993,GS5,5.19
4/1/1993,GS5,5.13
5/1/1993,GS5,5.2
6/1/1993,GS5,5.22
7/1/1993,GS5,5.09
8/1/1993,GS5,5.03
9/1/1993,GS5,4.73
10/1/1993,GS5,4.71
11/1/1993,GS5,5.06
12/1/1993,GS5,5.15
1/1/1994,GS5,5.09
2/1/1994,GS5,5.4
3/1/1994,GS5,5.94
4/1/1994,GS5,6.52
5/1/1994,GS5,6.78
6/1/1994,GS5,6.7
7/1/1994,GS5,6.91
8/1/1994,GS5,6.88
9/1/1994,GS5,7.08
10/1/1994,GS5,7.4
11/1/1994,GS5,7.72
12/1/1994,GS5,7.78
1/1/1995,GS5,7.76
2/1/1995,GS5,7.37
3/1/1995,GS5,7.05
4/1/1995,GS5,6.86
5/1/1995,GS5,6.41
6/1/1995,GS5,5.93
7/1/1995,GS5,6.01
8/1/1995,GS5,6.24
9/1/1995,GS5,6
10/1/1995,GS5,5.86
11/1/1995,GS5,5.69
12/1/1995,GS5,5.51
1/1/1996,GS5,5.36
2/1/1996,GS5,5.38
3/1/1996,GS5,5.97
4/1/1996,GS5,6.3
5/1/1996,GS5,6.48
6/1/1996,GS5,6.69
7/1/1996,GS5,6.64
8/1/1996,GS5,6.39
9/1/1996,GS5,6.6
10/1/1996,GS5,6.27
11/1/1996,GS5,5.97
12/1/1996,GS5,6.07
1/1/1997,GS5,6.33
2/1/1997,GS5,6.2
3/1/1997,GS5,6.54
4/1/1997,GS5,6.76
5/1/1997,GS5,6.57
6/1/1997,GS5,6.38
7/1/1997,GS5,6.12
8/1/1997,GS5,6.16
9/1/1997,GS5,6.11
10/1/1997,GS5,5.93
11/1/1997,GS5,5.8
12/1/1997,GS5,5.77
1/1/1998,GS5,5.42
2/1/1998,GS5,5.49
3/1/1998,GS5,5.61
4/1/1998,GS5,5.61
5/1/1998,GS5,5.63
6/1/1998,GS5,5.52
7/1/1998,GS5,5.46
8/1/1998,GS5,5.27
9/1/1998,GS5,4.62
10/1/1998,GS5,4.18
11/1/1998,GS5,4.54
12/1/1998,GS5,4.45
1/1/1999,GS5,4.6
2/1/1999,GS5,4.91
3/1/1999,GS5,5.14
4/1/1999,GS5,5.08
5/1/1999,GS5,5.44
6/1/1999,GS5,5.81
7/1/1999,GS5,5.68
8/1/1999,GS5,5.84
9/1/1999,GS5,5.8
10/1/1999,GS5,6.03
11/1/1999,GS5,5.97
12/1/1999,GS5,6.19
1/1/2000,GS5,6.58
2/1/2000,GS5,6.68
3/1/2000,GS5,6.5
4/1/2000,GS5,6.26
5/1/2000,GS5,6.69
6/1/2000,GS5,6.3
7/1/2000,GS5,6.18
8/1/2000,GS5,6.06
9/1/2000,GS5,5.93
10/1/2000,GS5,5.78
11/1/2000,GS5,5.7
12/1/2000,GS5,5.17
1/1/2001,GS5,4.86
2/1/2001,GS5,4.89
3/1/2001,GS5,4.64
4/1/2001,GS5,4.76
5/1/2001,GS5,4.93
6/1/2001,GS5,4.81
7/1/2001,GS5,4.76
8/1/2001,GS5,4.57
9/1/2001,GS5,4.12
10/1/2001,GS5,3.91
11/1/2001,GS5,3.97
12/1/2001,GS5,4.39
1/1/2002,GS5,4.34
2/1/2002,GS5,4.3
3/1/2002,GS5,4.74
4/1/2002,GS5,4.65
5/1/2002,GS5,4.49
6/1/2002,GS5,4.19
7/1/2002,GS5,3.81
8/1/2002,GS5,3.29
9/1/2002,GS5,2.94
10/1/2002,GS5,2.95
11/1/2002,GS5,3.05
12/1/2002,GS5,3.03
1/1/2003,GS5,3.05
2/1/2003,GS5,2.9
3/1/2003,GS5,2.78
4/1/2003,GS5,2.93
5/1/2003,GS5,2.52
6/1/2003,GS5,2.27
7/1/2003,GS5,2.87
8/1/2003,GS5,3.37
9/1/2003,GS5,3.18
10/1/2003,GS5,3.19
11/1/2003,GS5,3.29
12/1/2003,GS5,3.27
1/1/2004,GS5,3.12
2/1/2004,GS5,3.07
3/1/2004,GS5,2.79
4/1/2004,GS5,3.39
5/1/2004,GS5,3.85
6/1/2004,GS5,3.93
7/1/2004,GS5,3.69
8/1/2004,GS5,3.47
9/1/2004,GS5,3.36
10/1/2004,GS5,3.35
11/1/2004,GS5,3.53
12/1/2004,GS5,3.6
1/1/2005,GS5,3.71
2/1/2005,GS5,3.77
3/1/2005,GS5,4.17
4/1/2005,GS5,4
5/1/2005,GS5,3.85
6/1/2005,GS5,3.77
7/1/2005,GS5,3.98
8/1/2005,GS5,4.12
9/1/2005,GS5,4.01
10/1/2005,GS5,4.33
11/1/2005,GS5,4.45
12/1/2005,GS5,4.39
1/1/2006,GS5,4.35
2/1/2006,GS5,4.57
3/1/2006,GS5,4.72
4/1/2006,GS5,4.9
5/1/2006,GS5,5
6/1/2006,GS5,5.07
7/1/2006,GS5,5.04
8/1/2006,GS5,4.82
9/1/2006,GS5,4.67
10/1/2006,GS5,4.69
11/1/2006,GS5,4.58
12/1/2006,GS5,4.53
1/1/2007,GS5,4.75
2/1/2007,GS5,4.71
3/1/2007,GS5,4.48
4/1/2007,GS5,4.59
5/1/2007,GS5,4.67
6/1/2007,GS5,5.03
7/1/2007,GS5,4.88
8/1/2007,GS5,4.43
9/1/2007,GS5,4.2
10/1/2007,GS5,4.2
11/1/2007,GS5,3.67
12/1/2007,GS5,3.49
1/1/2008,GS5,2.98
2/1/2008,GS5,2.78
3/1/2008,GS5,2.48
4/1/2008,GS5,2.84
5/1/2008,GS5,3.15
6/1/2008,GS5,3.49
7/1/2008,GS5,3.3
8/1/2008,GS5,3.14
9/1/2008,GS5,2.88
10/1/2008,GS5,2.73
11/1/2008,GS5,2.29
12/1/2008,GS5,1.52
1/1/2009,GS5,1.6
2/1/2009,GS5,1.87
3/1/2009,GS5,1.82
4/1/2009,GS5,1.86
5/1/2009,GS5,2.13
6/1/2009,GS5,2.71
7/1/2009,GS5,2.46
8/1/2009,GS5,2.57
9/1/2009,GS5,2.37
10/1/2009,GS5,2.33
11/1/2009,GS5,2.23
12/1/2009,GS5,2.34
1/1/2010,GS5,2.48
2/1/2010,GS5,2.36
3/1/2010,GS5,2.43
4/1/2010,GS5,2.58
5/1/2010,GS5,2.18
6/1/2010,GS5,2
7/1/2010,GS5,1.76
8/1/2010,GS5,1.47
9/1/2010,GS5,1.41
10/1/2010,GS5,1.18
11/1/2010,GS5,1.35
12/1/2010,GS5,1.93
1/1/2011,GS5,1.99
2/1/2011,GS5,2.26
3/1/2011,GS5,2.11
4/1/2011,GS5,2.17
5/1/2011,GS5,1.84
6/1/2011,GS5,1.58
7/1/2011,GS5,1.54
8/1/2011,GS5,1.02
9/1/2011,GS5,0.9
10/1/2011,GS5,1.06
11/1/2011,GS5,0.91
12/1/2011,GS5,0.89
1/1/2012,GS5,0.84
2/1/2012,GS5,0.83
3/1/2012,GS5,1.02
4/1/2012,GS5,0.89
5/1/2012,GS5,0.76
6/1/2012,GS5,0.71
7/1/2012,GS5,0.62
8/1/2012,GS5,0.71
9/1/2012,GS5,0.67
10/1/2012,GS5,0.71
11/1/2012,GS5,0.67
12/1/2012,GS5,0.7
1/1/2013,GS5,0.81
2/1/2013,GS5,0.85
3/1/2013,GS5,0.82
4/1/2013,GS5,0.71
5/1/2013,GS5,0.84
6/1/2013,GS5,1.2
7/1/2013,GS5,1.4
8/1/2013,GS5,1.52
9/1/2013,GS5,1.6
10/1/2013,GS5,1.37
11/1/2013,GS5,1.37
12/1/2013,GS5,1.58
1/1/2014,GS5,1.65
2/1/2014,GS5,1.52
3/1/2014,GS5,1.64
4/1/2014,GS5,1.7
5/1/2014,GS5,1.59
6/1/2014,GS5,1.68
7/1/2014,GS5,1.7
8/1/2014,GS5,1.63
9/1/2014,GS5,1.77
10/1/2014,GS5,1.55
11/1/2014,GS5,1.62
12/1/2014,GS5,1.64
1/1/2015,GS5,1.37
2/1/2015,GS5,1.47
3/1/2015,GS5,1.52
4/1/2015,GS5,1.35
5/1/2015,GS5,1.54
6/1/2015,GS5,1.68
7/1/2015,GS5,1.63
8/1/2015,GS5,1.54
9/1/2015,GS5,1.49
10/1/2015,GS5,1.39
11/1/2015,GS5,1.67
12/1/2015,GS5,1.7
1/1/2016,GS5,1.52
2/1/2016,GS5,1.22
3/1/2016,GS5,1.38
4/1/2016,GS5,1.26
5/1/2016,GS5,1.3
6/1/2016,GS5,1.17
7/1/2016,GS5,1.07
8/1/2016,GS5,1.13
9/1/2016,GS5,1.18
10/1/2016,GS5,1.27
11/1/2016,GS5,1.6
2/1/1977,UNRATE,7.6
3/1/1977,UNRATE,7.4
4/1/1977,UNRATE,7.2
5/1/1977,UNRATE,7
6/1/1977,UNRATE,7.2
7/1/1977,UNRATE,6.9
8/1/1977,UNRATE,7
9/1/1977,UNRATE,6.8
10/1/1977,UNRATE,6.8
11/1/1977,UNRATE,6.8
12/1/1977,UNRATE,6.4
1/1/1978,UNRATE,6.4
2/1/1978,UNRATE,6.3
3/1/1978,UNRATE,6.3
4/1/1978,UNRATE,6.1
5/1/1978,UNRATE,6
6/1/1978,UNRATE,5.9
7/1/1978,UNRATE,6.2
8/1/1978,UNRATE,5.9
9/1/1978,UNRATE,6
10/1/1978,UNRATE,5.8
11/1/1978,UNRATE,5.9
12/1/1978,UNRATE,6
1/1/1979,UNRATE,5.9
2/1/1979,UNRATE,5.9
3/1/1979,UNRATE,5.8
4/1/1979,UNRATE,5.8
5/1/1979,UNRATE,5.6
6/1/1979,UNRATE,5.7
7/1/1979,UNRATE,5.7
8/1/1979,UNRATE,6
9/1/1979,UNRATE,5.9
10/1/1979,UNRATE,6
11/1/1979,UNRATE,5.9
12/1/1979,UNRATE,6
1/1/1980,UNRATE,6.3
2/1/1980,UNRATE,6.3
3/1/1980,UNRATE,6.3
4/1/1980,UNRATE,6.9
5/1/1980,UNRATE,7.5
6/1/1980,UNRATE,7.6
7/1/1980,UNRATE,7.8
8/1/1980,UNRATE,7.7
9/1/1980,UNRATE,7.5
10/1/1980,UNRATE,7.5
11/1/1980,UNRATE,7.5
12/1/1980,UNRATE,7.2
1/1/1981,UNRATE,7.5
2/1/1981,UNRATE,7.4
3/1/1981,UNRATE,7.4
4/1/1981,UNRATE,7.2
5/1/1981,UNRATE,7.5
6/1/1981,UNRATE,7.5
7/1/1981,UNRATE,7.2
8/1/1981,UNRATE,7.4
9/1/1981,UNRATE,7.6
10/1/1981,UNRATE,7.9
11/1/1981,UNRATE,8.3
12/1/1981,UNRATE,8.5
1/1/1982,UNRATE,8.6
2/1/1982,UNRATE,8.9
3/1/1982,UNRATE,9
4/1/1982,UNRATE,9.3
5/1/1982,UNRATE,9.4
6/1/1982,UNRATE,9.6
7/1/1982,UNRATE,9.8
8/1/1982,UNRATE,9.8
9/1/1982,UNRATE,10.1
10/1/1982,UNRATE,10.4
11/1/1982,UNRATE,10.8
12/1/1982,UNRATE,10.8
1/1/1983,UNRATE,10.4
2/1/1983,UNRATE,10.4
3/1/1983,UNRATE,10.3
4/1/1983,UNRATE,10.2
5/1/1983,UNRATE,10.1
6/1/1983,UNRATE,10.1
7/1/1983,UNRATE,9.4
8/1/1983,UNRATE,9.5
9/1/1983,UNRATE,9.2
10/1/1983,UNRATE,8.8
11/1/1983,UNRATE,8.5
12/1/1983,UNRATE,8.3
1/1/1984,UNRATE,8
2/1/1984,UNRATE,7.8
3/1/1984,UNRATE,7.8
4/1/1984,UNRATE,7.7
5/1/1984,UNRATE,7.4
6/1/1984,UNRATE,7.2
7/1/1984,UNRATE,7.5
8/1/1984,UNRATE,7.5
9/1/1984,UNRATE,7.3
10/1/1984,UNRATE,7.4
11/1/1984,UNRATE,7.2
12/1/1984,UNRATE,7.3
1/1/1985,UNRATE,7.3
2/1/1985,UNRATE,7.2
3/1/1985,UNRATE,7.2
4/1/1985,UNRATE,7.3
5/1/1985,UNRATE,7.2
6/1/1985,UNRATE,7.4
7/1/1985,UNRATE,7.4
8/1/1985,UNRATE,7.1
9/1/1985,UNRATE,7.1
10/1/1985,UNRATE,7.1
11/1/1985,UNRATE,7
12/1/1985,UNRATE,7
1/1/1986,UNRATE,6.7
2/1/1986,UNRATE,7.2
3/1/1986,UNRATE,7.2
4/1/1986,UNRATE,7.1
5/1/1986,UNRATE,7.2
6/1/1986,UNRATE,7.2
7/1/1986,UNRATE,7
8/1/1986,UNRATE,6.9
9/1/1986,UNRATE,7
10/1/1986,UNRATE,7
11/1/1986,UNRATE,6.9
12/1/1986,UNRATE,6.6
1/1/1987,UNRATE,6.6
2/1/1987,UNRATE,6.6
3/1/1987,UNRATE,6.6
4/1/1987,UNRATE,6.3
5/1/1987,UNRATE,6.3
6/1/1987,UNRATE,6.2
7/1/1987,UNRATE,6.1
8/1/1987,UNRATE,6
9/1/1987,UNRATE,5.9
10/1/1987,UNRATE,6
11/1/1987,UNRATE,5.8
12/1/1987,UNRATE,5.7
1/1/1988,UNRATE,5.7
2/1/1988,UNRATE,5.7
3/1/1988,UNRATE,5.7
4/1/1988,UNRATE,5.4
5/1/1988,UNRATE,5.6
6/1/1988,UNRATE,5.4
7/1/1988,UNRATE,5.4
8/1/1988,UNRATE,5.6
9/1/1988,UNRATE,5.4
10/1/1988,UNRATE,5.4
11/1/1988,UNRATE,5.3
12/1/1988,UNRATE,5.3
1/1/1989,UNRATE,5.4
2/1/1989,UNRATE,5.2
3/1/1989,UNRATE,5
4/1/1989,UNRATE,5.2
5/1/1989,UNRATE,5.2
6/1/1989,UNRATE,5.3
7/1/1989,UNRATE,5.2
8/1/1989,UNRATE,5.2
9/1/1989,UNRATE,5.3
10/1/1989,UNRATE,5.3
11/1/1989,UNRATE,5.4
12/1/1989,UNRATE,5.4
1/1/1990,UNRATE,5.4
2/1/1990,UNRATE,5.3
3/1/1990,UNRATE,5.2
4/1/1990,UNRATE,5.4
5/1/1990,UNRATE,5.4
6/1/1990,UNRATE,5.2
7/1/1990,UNRATE,5.5
8/1/1990,UNRATE,5.7
9/1/1990,UNRATE,5.9
10/1/1990,UNRATE,5.9
11/1/1990,UNRATE,6.2
12/1/1990,UNRATE,6.3
1/1/1991,UNRATE,6.4
2/1/1991,UNRATE,6.6
3/1/1991,UNRATE,6.8
4/1/1991,UNRATE,6.7
5/1/1991,UNRATE,6.9
6/1/1991,UNRATE,6.9
7/1/1991,UNRATE,6.8
8/1/1991,UNRATE,6.9
9/1/1991,UNRATE,6.9
10/1/1991,UNRATE,7
11/1/1991,UNRATE,7
12/1/1991,UNRATE,7.3
1/1/1992,UNRATE,7.3
2/1/1992,UNRATE,7.4
3/1/1992,UNRATE,7.4
4/1/1992,UNRATE,7.4
5/1/1992,UNRATE,7.6
6/1/1992,UNRATE,7.8
7/1/1992,UNRATE,7.7
8/1/1992,UNRATE,7.6
9/1/1992,UNRATE,7.6
10/1/1992,UNRATE,7.3
11/1/1992,UNRATE,7.4
12/1/1992,UNRATE,7.4
1/1/1993,UNRATE,7.3
2/1/1993,UNRATE,7.1
3/1/1993,UNRATE,7
4/1/1993,UNRATE,7.1
5/1/1993,UNRATE,7.1
6/1/1993,UNRATE,7
7/1/1993,UNRATE,6.9
8/1/1993,UNRATE,6.8
9/1/1993,UNRATE,6.7
10/1/1993,UNRATE,6.8
11/1/1993,UNRATE,6.6
12/1/1993,UNRATE,6.5
1/1/1994,UNRATE,6.6
2/1/1994,UNRATE,6.6
3/1/1994,UNRATE,6.5
4/1/1994,UNRATE,6.4
5/1/1994,UNRATE,6.1
6/1/1994,UNRATE,6.1
7/1/1994,UNRATE,6.1
8/1/1994,UNRATE,6
9/1/1994,UNRATE,5.9
10/1/1994,UNRATE,5.8
11/1/1994,UNRATE,5.6
12/1/1994,UNRATE,5.5
1/1/1995,UNRATE,5.6
2/1/1995,UNRATE,5.4
3/1/1995,UNRATE,5.4
4/1/1995,UNRATE,5.8
5/1/1995,UNRATE,5.6
6/1/1995,UNRATE,5.6
7/1/1995,UNRATE,5.7
8/1/1995,UNRATE,5.7
9/1/1995,UNRATE,5.6
10/1/1995,UNRATE,5.5
11/1/1995,UNRATE,5.6
12/1/1995,UNRATE,5.6
1/1/1996,UNRATE,5.6
2/1/1996,UNRATE,5.5
3/1/1996,UNRATE,5.5
4/1/1996,UNRATE,5.6
5/1/1996,UNRATE,5.6
6/1/1996,UNRATE,5.3
7/1/1996,UNRATE,5.5
8/1/1996,UNRATE,5.1
9/1/1996,UNRATE,5.2
10/1/1996,UNRATE,5.2
11/1/1996,UNRATE,5.4
12/1/1996,UNRATE,5.4
1/1/1997,UNRATE,5.3
2/1/1997,UNRATE,5.2
3/1/1997,UNRATE,5.2
4/1/1997,UNRATE,5.1
5/1/1997,UNRATE,4.9
6/1/1997,UNRATE,5
7/1/1997,UNRATE,4.9
8/1/1997,UNRATE,4.8
9/1/1997,UNRATE,4.9
10/1/1997,UNRATE,4.7
11/1/1997,UNRATE,4.6
12/1/1997,UNRATE,4.7
1/1/1998,UNRATE,4.6
2/1/1998,UNRATE,4.6
3/1/1998,UNRATE,4.7
4/1/1998,UNRATE,4.3
5/1/1998,UNRATE,4.4
6/1/1998,UNRATE,4.5
7/1/1998,UNRATE,4.5
8/1/1998,UNRATE,4.5
9/1/1998,UNRATE,4.6
10/1/1998,UNRATE,4.5
11/1/1998,UNRATE,4.4
12/1/1998,UNRATE,4.4
1/1/1999,UNRATE,4.3
2/1/1999,UNRATE,4.4
3/1/1999,UNRATE,4.2
4/1/1999,UNRATE,4.3
5/1/1999,UNRATE,4.2
6/1/1999,UNRATE,4.3
7/1/1999,UNRATE,4.3
8/1/1999,UNRATE,4.2
9/1/1999,UNRATE,4.2
10/1/1999,UNRATE,4.1
11/1/1999,UNRATE,4.1
12/1/1999,UNRATE,4
1/1/2000,UNRATE,4
2/1/2000,UNRATE,4.1
3/1/2000,UNRATE,4
4/1/2000,UNRATE,3.8
5/1/2000,UNRATE,4
6/1/2000,UNRATE,4
7/1/2000,UNRATE,4
8/1/2000,UNRATE,4.1
9/1/2000,UNRATE,3.9
10/1/2000,UNRATE,3.9
11/1/2000,UNRATE,3.9
12/1/2000,UNRATE,3.9
1/1/2001,UNRATE,4.2
2/1/2001,UNRATE,4.2
3/1/2001,UNRATE,4.3
4/1/2001,UNRATE,4.4
5/1/2001,UNRATE,4.3
6/1/2001,UNRATE,4.5
7/1/2001,UNRATE,4.6
8/1/2001,UNRATE,4.9
9/1/2001,UNRATE,5
10/1/2001,UNRATE,5.3
11/1/2001,UNRATE,5.5
12/1/2001,UNRATE,5.7
1/1/2002,UNRATE,5.7
2/1/2002,UNRATE,5.7
3/1/2002,UNRATE,5.7
4/1/2002,UNRATE,5.9
5/1/2002,UNRATE,5.8
6/1/2002,UNRATE,5.8
7/1/2002,UNRATE,5.8
8/1/2002,UNRATE,5.7
9/1/2002,UNRATE,5.7
10/1/2002,UNRATE,5.7
11/1/2002,UNRATE,5.9
12/1/2002,UNRATE,6
1/1/2003,UNRATE,5.8
2/1/2003,UNRATE,5.9
3/1/2003,UNRATE,5.9
4/1/2003,UNRATE,6
5/1/2003,UNRATE,6.1
6/1/2003,UNRATE,6.3
7/1/2003,UNRATE,6.2
8/1/2003,UNRATE,6.1
9/1/2003,UNRATE,6.1
10/1/2003,UNRATE,6
11/1/2003,UNRATE,5.8
12/1/2003,UNRATE,5.7
1/1/2004,UNRATE,5.7
2/1/2004,UNRATE,5.6
3/1/2004,UNRATE,5.8
4/1/2004,UNRATE,5.6
5/1/2004,UNRATE,5.6
6/1/2004,UNRATE,5.6
7/1/2004,UNRATE,5.5
8/1/2004,UNRATE,5.4
9/1/2004,UNRATE,5.4
10/1/2004,UNRATE,5.5
11/1/2004,UNRATE,5.4
12/1/2004,UNRATE,5.4
1/1/2005,UNRATE,5.3
2/1/2005,UNRATE,5.4
3/1/2005,UNRATE,5.2
4/1/2005,UNRATE,5.2
5/1/2005,UNRATE,5.1
6/1/2005,UNRATE,5
7/1/2005,UNRATE,5
8/1/2005,UNRATE,4.9
9/1/2005,UNRATE,5
10/1/2005,UNRATE,5
11/1/2005,UNRATE,5
12/1/2005,UNRATE,4.9
1/1/2006,UNRATE,4.7
2/1/2006,UNRATE,4.8
3/1/2006,UNRATE,4.7
4/1/2006,UNRATE,4.7
5/1/2006,UNRATE,4.6
6/1/2006,UNRATE,4.6
7/1/2006,UNRATE,4.7
8/1/2006,UNRATE,4.7
9/1/2006,UNRATE,4.5
10/1/2006,UNRATE,4.4
11/1/2006,UNRATE,4.5
12/1/2006,UNRATE,4.4
1/1/2007,UNRATE,4.6
2/1/2007,UNRATE,4.5
3/1/2007,UNRATE,4.4
4/1/2007,UNRATE,4.5
5/1/2007,UNRATE,4.4
6/1/2007,UNRATE,4.6
7/1/2007,UNRATE,4.7
8/1/2007,UNRATE,4.6
9/1/2007,UNRATE,4.7
10/1/2007,UNRATE,4.7
11/1/2007,UNRATE,4.7
12/1/2007,UNRATE,5
1/1/2008,UNRATE,5
2/1/2008,UNRATE,4.9
3/1/2008,UNRATE,5.1
4/1/2008,UNRATE,5
5/1/2008,UNRATE,5.4
6/1/2008,UNRATE,5.6
7/1/2008,UNRATE,5.8
8/1/2008,UNRATE,6.1
9/1/2008,UNRATE,6.1
10/1/2008,UNRATE,6.5
11/1/2008,UNRATE,6.8
12/1/2008,UNRATE,7.3
1/1/2009,UNRATE,7.8
2/1/2009,UNRATE,8.3
3/1/2009,UNRATE,8.7
4/1/2009,UNRATE,9
5/1/2009,UNRATE,9.4
6/1/2009,UNRATE,9.5
7/1/2009,UNRATE,9.5
8/1/2009,UNRATE,9.6
9/1/2009,UNRATE,9.8
10/1/2009,UNRATE,10
11/1/2009,UNRATE,9.9
12/1/2009,UNRATE,9.9
1/1/2010,UNRATE,9.8
2/1/2010,UNRATE,9.8
3/1/2010,UNRATE,9.9
4/1/2010,UNRATE,9.9
5/1/2010,UNRATE,9.6
6/1/2010,UNRATE,9.4
7/1/2010,UNRATE,9.4
8/1/2010,UNRATE,9.5
9/1/2010,UNRATE,9.5
10/1/2010,UNRATE,9.4
11/1/2010,UNRATE,9.8
12/1/2010,UNRATE,9.3
1/1/2011,UNRATE,9.1
2/1/2011,UNRATE,9
3/1/2011,UNRATE,9
4/1/2011,UNRATE,9.1
5/1/2011,UNRATE,9
6/1/2011,UNRATE,9.1
7/1/2011,UNRATE,9
8/1/2011,UNRATE,9
9/1/2011,UNRATE,9
10/1/2011,UNRATE,8.8
11/1/2011,UNRATE,8.6
12/1/2011,UNRATE,8.5
1/1/2012,UNRATE,8.3
2/1/2012,UNRATE,8.3
3/1/2012,UNRATE,8.2
4/1/2012,UNRATE,8.2
5/1/2012,UNRATE,8.2
6/1/2012,UNRATE,8.2
7/1/2012,UNRATE,8.2
8/1/2012,UNRATE,8.1
9/1/2012,UNRATE,7.8
10/1/2012,UNRATE,7.8
11/1/2012,UNRATE,7.7
12/1/2012,UNRATE,7.9
1/1/2013,UNRATE,8
2/1/2013,UNRATE,7.7
3/1/2013,UNRATE,7.5
4/1/2013,UNRATE,7.6
5/1/2013,UNRATE,7.5
6/1/2013,UNRATE,7.5
7/1/2013,UNRATE,7.3
8/1/2013,UNRATE,7.3
9/1/2013,UNRATE,7.3
10/1/2013,UNRATE,7.2
11/1/2013,UNRATE,6.9
12/1/2013,UNRATE,6.7
1/1/2014,UNRATE,6.6
2/1/2014,UNRATE,6.7
3/1/2014,UNRATE,6.7
4/1/2014,UNRATE,6.2
5/1/2014,UNRATE,6.2
6/1/2014,UNRATE,6.1
7/1/2014,UNRATE,6.2
8/1/2014,UNRATE,6.2
9/1/2014,UNRATE,6
10/1/2014,UNRATE,5.7
11/1/2014,UNRATE,5.8
12/1/2014,UNRATE,5.6
1/1/2015,UNRATE,5.7
2/1/2015,UNRATE,5.5
3/1/2015,UNRATE,5.5
4/1/2015,UNRATE,5.4
5/1/2015,UNRATE,5.5
6/1/2015,UNRATE,5.3
7/1/2015,UNRATE,5.3
8/1/2015,UNRATE,5.1
9/1/2015,UNRATE,5.1
10/1/2015,UNRATE,5
11/1/2015,UNRATE,5
12/1/2015,UNRATE,5
1/1/2016,UNRATE,4.9
2/1/2016,UNRATE,4.9
3/1/2016,UNRATE,5
4/1/2016,UNRATE,5
5/1/2016,UNRATE,4.7
6/1/2016,UNRATE,4.9
7/1/2016,UNRATE,4.9
8/1/2016,UNRATE,4.9
9/1/2016,UNRATE,5
10/1/2016,UNRATE,4.9
11/1/2016,UNRATE,4.6
